title,text,publish_date,source,sentiment_score,impact_intensity,certainty,time_horizon,summary,evidence,reason,兆豐投信董事長陳佩君今（24）日宣佈，進軍主動式ETF市場，將於3月4日起募集「兆豐台灣豐收主動式ETF證券投資信託基金（00996A）
該降溫了？台積電連日創高遭證交所列入注意股票,"本文共455字

經濟日報 記者盧宏奇／台北即時報導

該降溫了？台積電（2330）股價連日創高，但臺灣證券交易所24日公告，台積電因六個營業日起迄兩個營業日收盤價價差達185元，且當日收盤價為最近六個營業日收盤價最高，列入注意股票名單，引發市場熱議。

台股近期牛氣沖天，2月兩度回測月線修正乖離後，再度啟動波段漲勢，24日大漲927點收34,700點，盤中最高34,786點，雙雙改寫史上最高紀錄，主要推升力道來自權王台積電為首的半導體及AI（人工智慧）供應鏈。

台積電24日大漲65元收1,965元，締造掛牌後歷史新天價，累計2月以來已上漲190元或10.7%，月線有機會拉出連三紅，投信密集加碼扮演主要功臣，反觀外資維持賣多於買慣性。

台積電漲太多、漲太快亦觸發證交所警示機制，24日遭列入注意股票，其他還有中砂、華通、旺宏、燿華、兆赫、瑞軒、欣興、景碩、聯鈞、日月光投控、元晶、雷虎、南電等26檔榜上有名。

不過，證交所表示，有價證券符合第九款至第十三款標準經發布「公布注意交易資訊」者，主要為提醒投資人注意交易風險，僅公布注意交易資訊，不會將其發布為處置有價證券！",2/24/2026 23:14,經濟日報,-0.2,0.8,1.0,0.4,證交所將台積電列入注意股票名單,本文共455字經濟日報 記者盧宏奇／台北即時報導該降溫了？台積電（2330）股價連日創高，但臺灣證券交易所24日公告，台積電因六個營業日起迄兩個營業日收盤價價差達185元，且當日收盤價為最近六個營業日收盤價最高，列入注意股票名單,證交所警示機制觸發，公司股價過高,
台積電列證交所注意股 鉅額交易1筆20張均價2073.3元,"本文共436字

中央社 記者曾仁凱台北24日電

台股今天大漲927.56點，收在34,700點，連4個交易日創歷史新高，許多個股波段漲幅驚人。台灣證券交易所今天公告最新注意股票名單，多達26檔入列，其中護國神山台積電（2330）也名列榜上。

根據證交所提供的注意交易資訊，台積電被列為注意股主因「6個營業日起迄2個營業日收盤價價差達185元，且當日收盤價為最近6個營業日收盤價最高者」，觸及警戒標準。

除了台積電，今天被列為注意股票的還有中砂、台橡、華通、旺宏、燿華、兆赫、瑞軒、中工、欣興、耀登、大量、景碩、聯鈞、世芯-KY、日月光投控、雙鍵、盛群、統新、元晶、睿生光電、聯友金屬-創、雷虎、南電、高力、越南控-DR，合計26檔。

台積電股價持續上漲，今年以來股價從1,550元，到今天盤中最高衝上1,975元，終場收在1,965元。今年以來不到2個月大漲415元，波段漲幅達26.77%，距離2,000元大關近在咫尺。

根據證交所今天公布的鉅額交易資訊，赫見台積電1筆成交20張均價達2,073.3元，衝破2,000元大關。",2/24/2026 21:45,經濟日報,0.5,0.7,1.0,0.8,台積電被列為注意股,"根據證交所今天公布的鉅額交易資訊，赫見台積電1筆成交20張均價達2,073.3元，衝破2,000元大關。","台積電被列為注意股，且鉅額交易資訊顯示其股價已經衝破2,000元大關",
"台積電期向2,000元叩關 台指期夜盤登頂35K","本文共675字

經濟日報 記者周克威／台北即時報導

台指期夜盤24日開盤後，受美股電子盤持續反彈帶動，以34,844點、上漲7點開出後，雖美國總統川普即將發表國情咨文，道瓊電子盤僅維持小紅漲勢下，使得夜盤指數一度翻黑，來到34,817點、下跌20點，但多頭氣盛，隨後盤勢快速翻紅，並首度突破35K大關，領先現貨指數再創35,088點歷史新高，截至晚間9點30分左右，指數約在35,025點、約上漲188點附近遊走。

24日美股電子盤焦點，在於川普將赴國會發表國情咨文，特別是在聯邦最高法院判定對等關稅政策違憲，又立即推出15%的全球關稅後，下一步將如何出招，是否會此時拋出風向球，引發立場高度關注之際，道瓊電子盤在現貨重挫後，24日展開跌深反彈行情，但在多空都難互越雷池下，多維持小紅的漲勢，標普在平盤附近震盪，那斯達克電子盤小漲約0.2%，但都無礙台指期夜盤在上半場的反彈氣勢。

其中，台積電期夜盤交易在晚間9點30分時，逼近2,000元大關，在1,995元、上漲20元附近遊走，電子期上漲0.40%、半導體期上漲約0.76%，中型100期貨指數上漲0.55%。

台股24日盤面各類股漲跌互見，指數終場上漲927點，收34,700點，其中，外資現貨買超627.3億元，在台指期未平倉淨空單方面，淨空單減少1,480口至29,372口；投信買超56億元，自營商買超153.4億元，三大法人合計買超836.8億元。

市場專家建議，就技術面來說，24日台股開高走高、收長紅K棒，再創歷史新高，均線多頭排列、日KD指標年前50附近交叉向上後持續走揚，量價亦控制得宜，強攻化解前一日爆量留上影線疑慮，短多格局或將延續。",2/24/2026 21:32,經濟日報,0.8,0.9,1.0,0.4,"台積電期夜盤逼近2,000元大關","台積電期夜盤交易在晚間9點30分時，逼近2,000元大關，在1,995元、上漲20元附近遊走","根據新聞內文，台積電期夜盤逼近2,000元大關，表明市場對台積電的樂觀情緒和期望值增強",
華爾街日報：蘋果藉協助台積電環球晶 促晶片製造回流美國,"本文共1097字

中央社 舊金山24日綜合外電報導

iPhone製造商蘋果（Apple）為分散供應鏈、爭取關稅豁免及回應2位美國總統呼籲降低對外國供應依賴，正運用其龐大採購力和投資協助台積電等業者在美設廠以扶植本土晶片製造。

「華爾街日報」（The Wall Street Journal）報導，美國之所以急於重建本土半導體供應鏈，根本原因在於其與中國之間因為台灣議題而關係緊張，而台灣又是全球最先進晶片絕大多數的製造地點。

在美國川普（Donald Trump）政府施壓下，蘋果去年承諾未來4年將在美國投資6000億美元（約新台幣18兆8500億元）。蘋果全球採購業務主管湯姆（DavidTom）指出，這當中包括蘋果計劃今年向台積電在美國亞利桑那州的工廠採購1億多顆晶片，「我們正盡可能買下這座工廠的產出」。

華爾街日報記者在蘋果高層陪同下，前往美國屬於沙漠地帶的西南部各地參訪台積電及其他蘋果供應商的製造設施，從這些建設的規模可見蘋果的採購力與投資協助達到的成果，以及蘋果努力將其晶片供應鏈遷回美國已開始見效。

台積電正在亞利桑那州首府鳳凰城以北約30分鐘車程的地點打造面積達紐約市中央公園（Central Park）2倍半的廠區，打算投入1650億美元（約新台幣5兆1800億元）在這裡興建6座晶圓廠及其他設施，成為美國最大建設計畫之一。而蘋果是這個廠區的最大客戶。

台積電替蘋果自行設計的晶片代工，而蘋果藉由承諾在設計中採用台積電尖端製程節點，協助台積電成為稱霸全球的晶片製造商，台積電也因此有了信心來投入巨資興建各個最新一代晶片所需的製造廠。

蘋果的湯姆解釋說，他們為美國晶片製造扮演的角色，是「透過與台積電合作，來讓某個製程節點能非常快速達到高產量和高良率，而當我們進到下個節點時，其他業者將跟進」。

蘋果採購力的另個受惠者是台灣的環球晶，其在美國德州謝爾曼（Sherman）新設的1座工廠已於去年開幕。

環球晶美國廠總經理英格蘭（Mark England）指出，蘋果正藉由促使台積電及其他晶片製造商採用環球晶的晶圓來幫助其銷售，他們也期盼在蘋果協助下能加速擴廠，以把握稅額抵免機會。

此外，美國封測大廠艾克爾（Amkor）在蘋果投資的協助下，正在離台積電亞利桑那廠不遠處打造1個占地40多公頃的廠區，計劃在這裡設立2座晶片封裝廠，首廠預定明年完工，將處理台積電製成的晶圓。

蘋果尚無計畫將iPhone的組裝工作搬回美國，其營運長沙比汗（Sabih Khan）表示，他們目前先從聚焦在較簡單的回流目標開始，「我們非常專注在我們認為對於未來的創新至關重要，且能讓我們的產品隨時間過去能產生區隔度的東西，也就是其零件、子組件和先進晶片」。",2/24/2026 19:45,經濟日報,0.8,1.0,1.0,0.4,台積電在美國亞利桑那州興建新廠，蘋果成為最大客戶,台積電正在亞利桑那州首府鳳凰城以北約30分鐘車程的地點打造面積達紐約市中央公園（Central Park）2倍半的廠區,新聞指出蘋果藉助台積電在美國設廠，促進晶片製造回流美國，因此對2330的影響應該是正面的。,
有多少張台積電股票？施振榮霸氣回「多到我自己都不曉得有幾張」,"本文共416字

聯合報 記者林怡秀／即時報導

公視台語台「下半場練習生」第二季今舉辦開播記者會，宏碁創辦人施振榮和夫人也一同出席開播記者會，兩人在節目中分享自己的退休生活，施振榮曾長期擔任台積電董事，被問到擁有幾張台積電股票？他霸氣表示「多到我自己都不曉得有幾張」，不愧是科技業大老。",2/24/2026 19:34,經濟日報,0.6,0.5,1.0,0.8,施振榮表示擁有許多台積電股票,施振榮霸氣表示「多到我自己都不曉得有幾張」,新聞標題和內文均提及施振榮的表述，表明確切的事實,
台積電價量再創新猷散戶搶進 法人：挑戰2000元新天價,"本文共574字

中央社 記者鍾榮峰台北24日電

台積電股價今天大爆發，盤中急拉，最高觸1975元，大漲75元，創歷史新天價，終場收1965元，漲65元，創收盤新高。法人分析，市場看好台灣半導體、伺服器、設備與高階製程為主的人工智慧（AI）硬體供應鏈，台積電短線挑戰2000元新關卡。

根據台灣證券交易所統計，台積電今天收盤市值衝上新台幣50.95兆元新高，帶動上市公司總市值衝上歷史新高113.1兆元。台積電占上市公司權重達45.05%，台積電今天收漲65元，對加權指數貢獻達517點。

據統計，台積電單一個股今天成交值達864.1億元，占台股集中市場成交值8618.09億元比重10.02%。除了外資終結連2賣、今天加碼台積電6887張助攻外，投信今天也敲進台積電1492張，投信連13買。

除了法人，散戶也勇於搶進台積電零股交易，根據統計，台積電今天盤中零股成交金額達37.39億元、成交筆數7.86萬筆，均位居個股第1；盤後零股交易成交筆數1869筆、成交金額達1.19億元，均位居個股盤後零股交易首位。

台積電受惠人工智慧（AI）對先進製程及先進封裝需求強勁，1月營收創下歷史新高，達到新台幣4012.55億元，台積電預期，今年營運可望持續強勁成長，美元營收將成長接近30%。

台積電先前在1月法人說明會中指出，AI市場近期發展情勢非常正向，2025年AI加速器營收比重達17%至19%。",2/24/2026 19:00,經濟日報,0.9,0.8,1.0,0.4,台積電股價大爆發，挑戰2000元新天價,台積電今天收盤市值衝上新台幣50.95兆元新高，帶動上市公司總市值衝上歷史新高113.1兆元。,股價大漲、市值新高、市場看好人工智慧硬體供應鏈等因素,
"台股35,000點穩了？台積電盤後鉅額交易驚見2,073元歷史天價","本文共520字

經濟日報 記者盧宏奇／台北即時報導

台積電（2330）24日大漲65元收1,965元，改寫掛牌後歷史新天價，盤後鉅額交易更出現20張成交2,073.3元新高。法人表示，相較收盤價差108.3元，換算約可貢獻大盤指數近900點，意味大盤挑戰35,000點指日可待。

台股今日由台積電、台達電（2308）、鴻海（2317）、聯發科（2454）、日月光投控（3711）等電子權值股領漲，盤中最高攻抵34,786點，終場收在34,700點，三大法人買盤全部回歸，且技術面維持多頭型態，距離35,000點僅300點，套句市場人士的話「眼一眨就過去了」。

根據證交所統計，台積電今日盤後鉅額配對交易共12筆，合計1,441張，成交價格在1,905.35至2,073.3元不等，總交易金額28.2億元，其中，有三筆成交價高於今日收盤價，分別為2,073.3元成交20張、1,969.81元成交29.325張、1,969.79張成交55.675張。

集中市場今日整體鉅額交易量63.9億元，台積電占比約44.2%，其餘重要指標股還包括嘉澤（3533）、弘塑（3131）、智邦（2345）、亞德客-KY（1590）等千金股，及欣興（3037）、日月光投控、光寶科（2301）等人工智慧（AI）供應鏈。",2/24/2026 18:55,經濟日報,0.9,0.8,1.0,0.4,"台積電盤後鉅額交易驚見2,073元歷史天價","根據證交所統計，台積電今日盤後鉅額配對交易共12筆，合計1,441張，成交價格在1,905.35至2,073.3元不等，總交易金額28.2億元","台積電大漲65元收1,965元，改寫掛牌後歷史新天價，影響股市指數近900點，距離35,000點僅300點",
台股收盤／大漲927.56點 收34700.82點 台積電漲3.42%,"本文共396字

經濟日報 新聞部新媒體中心

2月24日台股強勢上攻，加權指數終場上漲927.56點，收在34700.82點，漲幅2.74%。盤中最低33987.51點，最高34786.42點，成交量8,371億元。上市櫃個股漲多於跌，上漲642家、下跌424家，漲停36家、跌停1家。

權值股方面，台積電（2330）收在1965元，上漲65元，漲幅3.42%，盤中最高1975元、最低1915元，成交量40,868張，成為推升指數主力。

類股方面，半導體族群表現最為強勁，上漲3.57%；電子組件上漲5.14%，電腦週邊上漲1.16%，其他電子上漲1.87%，網通上漲0.65%。金融類股相對疲弱，下跌0.22%。

個股方面，電子族群中，台達電（2308）上漲6.13%，聯發科（2454）上漲1.67%，日月光投控（3711）上漲7.38%。航運族群中，陽明海運（2609）上漲1.53%。

（此文章為AI人機協作，正確數據以主管機關為準。）",2/24/2026 14:30,經濟日報,0.94,0.85,1.0,0.8,台股強勢上攻，台積電漲幅3.42%,"權值股方面，台積電（2330）收在1965元，上漲65元，漲幅3.42%，盤中最高1975元、最低1915元，成交量40,868張，成為推升指數主力。",新聞標題顯示台股收盤大漲927.56點，台積電上漲3.42%，表明市場對台積電有很高的預期與信心,
"台股站穩34,700點大關！五天狂飆2,917點、台積電再創天價","本文共1268字

經濟日報 記者崔馨方／即時報導

台股馬年氣勢如虹，24日盤中與收盤指數同步改寫歷史新高，日K線連六紅、已連五個交易日累計狂飆2,917點，盤中最高34,786點，終場收34,700點，大漲927點、漲幅2.7%，成交金額8,370.6億元；櫃買指數強勢跟進，收漲2.5%至311點。台積電（2330）盤中以1,975元再創天價，終場則收1,965元、大漲65元。

台積電ADR周一收跌0.13%，收在370.04美元。不過，台積電今日走勢轉強，早盤股價自1,945元直衝盤中最高1,975元，大漲75元、漲幅3.9%，改寫歷史新高。事實上，在權王領軍下，台積電單日貢獻大盤逾600點，市值同步攀升至51.2兆元，成為推升指數上攻的關鍵。

觀察盤面上，強勢族群多點開花，主要集中在半導體、ABF載板、記憶體、銅箔基板、矽光子、MCU、PCB、晶片電阻、被動元件、石英元件；值得注意的是，ABF載板三雄的欣興（3037）、南電（8046）、景碩（3189）股價連二日皆續強，終場亮燈漲停。

記憶體的力積電、旺宏（2337）、晶豪科（3006）、群聯（8299）、華邦電（2344）、創見（2451）、威剛（3260）、力成（6239）、南亞科（2408）等，紛紛集體走強。34檔千金股漲多於跌，竑騰（7751）漲停最強，力旺（3529）、群聯（8299）、台光電（2383）、台達電（2308）、聯亞（3081）、創意（3443）漲逾半根漲停板，旺矽（6223）、健策（3653）、精測（6510）跌逾2%以上，表現最弱。

此外，本日價漲量增強勢股還包括：世界（5347）、燿華（2367）、光寶科（2301）、全新（2455）、華新科（2492）、日月光（3711）、聯茂（6213）、華通（2313）、波若威（3163）、金居（8358）、台玻（1802）、臻鼎-KY（4958）、訊芯-KY（6451）、力旺（3529）、長廣（7795）等；ETF方面，主動復華未來50、主動統一全球創新、主動安聯台灣、富邦科技、國泰台灣科技龍頭等，同樣價漲量增，表現強勢。

安聯投信台股團隊表示，由於台美已簽署對等貿易協定對等關稅15%不疊加與232條款最惠國待遇，約七成輸美金額屬232適用範圍，加上投資合作MOU保障，實質衝擊有限。

此外，預估今年台股企業獲利成長超過三成，電子丶金融、傳產類股均為正向成長，政策變動屬外部變數，但在既有協議框架下，對台灣供應鏈影響可控，中期趨勢不變，市場焦點仍將回歸產業基本面與企業獲利表現。

統一投顧補充，輝達（NVIDIA）將於25日美股盤後公布財報，3月輝達GTC大會亦將登場，執行長黃仁勳預告將發表震撼產品，市場高度關注AI後市動能。

不過，川普宣布依《貿易法》122條款對各國課徵15%全球性關稅，美伊情勢等，均可能干擾投資人情緒。須留意指數短線恐於高檔震盪，但中期仍偏多看待。

布局方向上，建議聚焦台積電及先進製程、先進封裝供應鏈，高速傳輸（含光通訊）、載板與PCB，以及重電能源、衛星航太軍工、材料升級或短缺概念股，另散裝航運與生技族群亦可留意。",2/24/2026 13:55,經濟日報,0.9,1.0,0.8,0.4,"台股站穩34,700點大關，台積電再創天價","台股連六紅、累計狂飆2,917點，盤中最高34,786點，終場收34,700點。",台股指數大幅攀升，台積電股價再創新高，顯示市場對公司業績和半導體行業出現積極看法。,
台積電發威衝上1975元 台股今日早盤大漲近千點,"本文共259字

聯合報 記者朱漢崙/台北即時報導

台積電今日再發威，帶動台股大盤指數今日早盤上漲近千點。台積電盤中再現新天價，最高來到每股1975元，帶動整個大盤氣勢上衝，大盤指數在接近下午1時最高來到34731點，上漲957點。",2/24/2026 13:27,經濟日報,1.0,0.9,1.0,0.8,台積電股價上漲至1975元，帶動整個大盤指數上漲近千點,最高來到每股1975元，帶動整個大盤氣勢上衝，大盤指數在接近下午1時最高來到34731點，上漲957點。,新聞內容顯示台積電股價上漲，直接影響股票代號2330的價格和市場情緒,
跟著台積電一起飛！特化再飆高 這兩檔漲停鎖死,"本文共714字

經濟日報 記者馬琬淳／台北即時報導

台股24日揚眉吐氣，盤中大漲近900點，合計開紅盤兩天即上漲千點，台積電（2330）盤中一度強漲近4%，衝達1,975元新高價。類股部分今日PCB相關族群也走勢強勁，燿華（2367）、金居（8358）盤中漲停亮燈，玻纖布類股台玻（1802）也衝上漲停板。特化股也上漲同慶，永光（1711）、雙鍵（4764）衝漲停，長興（1717）、國精化（4722）大漲逾5%。

台積電不受美股下跌、ADR小跌影響，今盤中大漲逾3%，一度漲至1,975元，再刷歷史新高，往兩千元關卡邁進。台積電大漲帶動相關供應鏈大漲，特化族群中永光漲停至27.8元，長興上漲逾5%，三福化（4755）盤中上漲逾3%。

永光感光型聚醯亞胺（PSPI）產品目前正處於驗證階段，PSPI為先進封裝關鍵材料之一，去年日本大廠傳出供不應求，國內晶圓業者開始尋找本土供應商，永光的EverPI P07正型聚醯亞胺產品因此獲得與客戶洽談、送樣及評估的機會。

永光旗下電子化學品包含光阻劑、顯影液、研磨液、濕式製程化學品（用於半導體及基板之表面清潔、電鍍等製程）、熱固化及光固化功能性油墨、功能性化學品等。2025年全年度電子化學品占營收比重，已超過24%。

永光今年1月營收達7.24億元，年月雙增，月增9.7%，為連續三個月成長，年增12.7%，年增率為自去年5月以來首度轉正。

雙鍵切入銅箔基板（CCL）的樹脂材料供應鏈，去年開始生產M7基板所需的通用型改性聚苯醚樹脂（MPPO），法人表示，雙鍵今年將升級生產M8所需的HC材。雙鍵用於高階CCL的樹脂材料目前占營收比重逾一成，隨著高階板材世代推進，公司正將產能推向逐步倍增計畫。

雙鍵1月營收2.55億元，月減7%，年增1.3%。",2/24/2026 12:23,經濟日報,0.8,0.9,0.9,0.8,台積電股價大漲逾3%，創下新高價,"台積電盤中一度強漲近4%，衝達1,975元新高價。",因為相關供應鏈股也大漲，特別是永光和雙鍵的成績佳。,
台積電領軍 台股一度暴漲近900點！法人：地緣干擾短暫 趨勢仍在多方,"本文共396字

經濟日報 記者王奐敏／台北即時報導

即便美股四大指數23日均收黑，加權指數24日仍開高走高，盤中最高一度暴漲898點至34,671點，再刷新盤中歷史新高紀錄。台積電（2330）盤中一度大漲75元至1,975元，同樣刷新盤中歷史新高，逼近2,000元大關。

永豐期貨指出，春節後首日開紅盤一度強勢突破34,000點，但高檔獲利了結與國際局勢不確定性升溫，加上台指期結算，使得加權指數由高點快速回落，顯示市場情緒偏向「先賣再說」而非全面轉空，台積電衝高下殺後收1,900元，尾盤出現萬張大單屬於換手與短線調節，並非基本面轉弱，紅盤日量能放大代表資金仍在場內，只是籌碼重新分配，後市關鍵在權值股整理後能否再度帶動指數挑戰34,000點，整體結構仍偏多看待。

國際情勢方面，對伊朗持「嘴硬腳軟」看待，態度依舊強硬表態但實際動作傾向談判，市場預期最終仍會回到協議框架，只要地緣風險不擴大，風險溢價將逐步收斂，短線震盪難免，但中期趨勢仍未改變。",2/24/2026 11:09,經濟日報,0.8,0.9,0.7,0.8,"台股暴漲近900點，台積電盤中大漲75元至1,975元","本文共396字經濟日報 記者王奐敏／台北即時報導...盤中最高一度暴漲898點至34,671點...","新聞標題及內文均表現出極大利多的趨勢，特別是指出台積電盤中大漲75元至1,975元，且市場情緒偏向「先賣再說」而非全面轉空",
台積電領軍 台股大漲近900點再創盤中指數新高,"本文共541字

中央社 記者曾仁凱台北24日電

不畏道瓊工業指數昨晚重跌821.91點，台股今天在台積電領軍下開高走高，早盤最多大漲近900點，最高衝上34671點，創盤中指數新高，至10時30分，指數上漲852.76點，報34626.02點，成交值約新台幣4541億元。

3大權值股全部開高，台積電早盤最多上漲75元至1975元，續創新天價，台達電最多漲70元至1375元，同創新高；鴻海最多漲4元至232.5元。

PCB族群今天漲勢兇猛，南電、景碩、燿華、榮科、泰鼎-KY盤中都攻上漲停，欣興、臻鼎-KY大漲超過8%。

法人分析，昨晚美股下跌，主要是美國關稅不確定性再起，以及AI對傳統軟體廠帶來顛覆的憂慮擴大，如IBM昨天股價暴跌13.15%；反觀AI資本支出持續擴大，晶片廠相對抗跌，本週即將公布財報的輝達（NVIDIA）昨天逆勢上漲，而台股以半導體及科技硬體為主，與後者關連性較大。

野村投信投資策略部副總經理樓克望分析，現階段電子供應鏈廠商的獲利能見度持續優於非電子，配合中長期AI、半導體趨勢，以及產能擴張逐步到位，台股中長期投資價值仍具吸引力。

野村投信看好，隨著AI需求深入到先進封裝、記憶體、關鍵材料等底層，台灣供應鏈角色已由受惠者轉為主導者，預期2026年起成為AI發展新主線，此趨勢有助支撐台股中長期表現。",2/24/2026 11:06,經濟日報,0.9,0.8,1.0,0.4,台股大漲近900點再創盤中指數新高,早盤最多大漲近900點，最高衝上34671點，創盤中指數新高,台積電領軍下開高走高，3大權值股全部開高，PCB族群今天漲勢兇猛,
"台股飆漲逾800點 台積電近90度急拉衝達1,975元天價、市值51.21兆元","本文共589字

經濟日報 記者楊伶雯／台北即時報導

台積電（2330）ADR周一收盤下跌0.13%，收在370.04美元，外資在馬年開紅盤日賣超台積電17,559張，但24日卻是開高走高，早盤約10時25分左右出現近90度急拉，股價由1,945元一口氣衝達1,975元，大漲75元，漲幅3.95%，寫歷史新高價，貢獻大盤指數超過600點，市值激增至51兆2,166億元。

台股24日開高247.45點，以34020.71點開出，台積電開高15元，以1,915元開出，盤中再創天價，股價急衝達1,975元，朝2,000元關卡挺進，隨後在台達電（2308）、日月光投控（3711）、聯發科（2454）、南亞（1303）等權值股連袂上揚推動下，大盤漲點持續擴大，尤其是台積電大漲，大盤指數一度衝達34,671.38點，大漲898.12點。

台積電在先前法說會時已釋出第1季財測，預估美元營收346億美元至358億美元、中間值約352億美元，季增約4.4%；毛利率63%至65%、營益率54%至56%，匯率假設基礎為1美元兌新台幣31.6元。

台積電董事長魏哲家先前也在法說會預告，AI應用帶動半導體產業持續暢旺，台積電2026年又將是強勁成長的一年，持續超越產業表現，預估美元營收年增近3成。台積電2025年美元營收創新高，2026年持續成長，可望再創新高。

台積電1月營收首度突破4,000億元大關，單月營收4,012.55億元，創歷史新高。",2/24/2026 10:42,經濟日報,0.8,1.0,1.0,0.4,台積電股價大漲75元，寫歷史新高價,"股價急衝達1,975元，朝2,000元關卡挺進","台積電近90度急拉衝達1,975元天價、市值51.21兆元",
台積電創1940元新天價 市值達50.3兆元新高,"本文共259字

中央社 記者鍾榮峰台北24日電

晶圓代工龍頭台積電股價今天早盤衝上新天價1940元，漲40元，市值大增新台幣1.03兆元至50.3兆元，續創新高，貢獻加權指數約320點。

台積電美國存託憑證（ADR）拉尾盤小跌0.13%，收370.04美元，相較美股4大指數走跌，表現穩健。

台積電受惠人工智慧（AI）對先進製程及先進封裝需求強勁，1月營收創下歷史新高，達到4012.55億元，台積電預期，今年營運可望持續強勁成長，美元營收將成長接近30%。

台積電在1月法人說明會中指出，AI市場近期發展情勢非常正向，2025年AI加速器營收比重達17%至19%。",2/24/2026 10:12,經濟日報,1.0,0.9,1.0,0.8,台積電股價創新高，市值達50.3兆元,台積電股價今天早盤衝上新天價1940元,根據新聞內容，台積電股價大幅漲升，帶動加權指數約320點，並且預期今年營運可望持續強勁成長,
台積電逆勢美股開高！台股續漲逾500點再創新高,"本文共661字

經濟日報 記者李慧蘭／台北即時報導

AI對各產業可能造成的衝擊與川普關稅隱憂，衝擊美股四大指數昨夜全面收黑，台積電（2330）ADR隨之小跌0.13%，輝達則逆漲0.91%。台股24日續開高247.45點、報34020.71點，台積電開高15元、報1,915元，隨後在台達電（2308）、日月光投控（3711）、聯發科（2454）、南亞（1303）等權值股連袂上揚推動下，大盤漲點持續擴大逾500點以上。

類股方面，造紙、玻陶、塑膠、電子零組件漲幅居前，紡織、電子通路、食品、觀光相對落後。族群則有華新科（2492）、國巨*（2327）帶領被動元件族群續強；矽光子也由穩懋（3105）、上詮（3363）、惠特（6706）聯袂領攻；記憶體族群漲勢不若昨日剽悍，但群聯（8299）、力成（6239）仍有3%以上漲幅表現，南亞科（2408）、力積電仍維持高檔。

回顧台股23日開紅盤表現，大盤寫下盤中34,212點、收盤33,773.26點雙新高，成交值暴衝至9,020.81億元。

籌碼面上，三大法人23日合計賣超51.17億元，包括：外資買超83.52億元、投信賣超19.97億元、自營商賣超（合計）114.72億元。

台股自2月6日至23日波段漲幅逾2,000點，季線乖離率突破13%，法人分析高檔換手屬良性修正，預期短線呈高檔震盪。隨新春開紅盤創下新高，技術面維持強勢，加上輝達即將公布財報及黃仁勳預告GTC大會發表新作，有利族群輪動。然而，受美國貿易政策不確定性、OpenAI下修算力支出及美伊局勢升溫影響，市場情緒趨於謹慎，建議現階段採取「選股優於選市」策略。",2/24/2026 9:27,經濟日報,0.7,0.8,0.9,0.4,台積電股價上漲，市場續創新高,"台積電開高15元、報1,915元，隨後在台達電（2308）、日月光投控（3711）、聯發科（2454）、南亞（1303）等權值股連袂上揚推動下，大盤漲點持續擴大逾500點以上。",台積電逆勢美股開高，市場情緒趨於謹慎，但現階段選股優於選市策略,
台積電ADR相對抗跌 較台北交易溢價22% 日月光跌逾2%,"本文共776字

經濟日報 編譯葉亭均／綜合外電

台股ADR周一（23日）收盤漲跌互見，台積電ADR收盤下跌0.13%，報每股370.04美元，換算並折合台幣後為每股 2,326.00 元，較台北交易股票溢價率為22.42%。日月光跌逾2%。

美股投資人擔心AI對產業的衝擊與關稅變數持續存在，道瓊工業指數23日收盤下跌821.91點，跌幅1.66%，收48,804.06點； 標普500指數下跌71.76點，跌幅1.04%，收6,837.75點；那斯達克指數下跌258.80點，跌幅1.13%，收22,627.27點。

費城半導體指數下跌46.96點，跌幅0.57%，報8,213.46點。",2/24/2026 7:31,經濟日報,-0.13,0.7,1.0,0.8,台積電ADR下跌0.13%，溢價率22.42%,"台積電ADR收盤下跌0.13%，報每股370.04美元，換算並折合台幣後為每股2,326.00元",根據新聞內文，台積電ADR的收盤價下跌，表明市場對其投資態度不佳,
台積電、0050追價買貴擺著沒關係？他38歲賺飽提早退休，細數7檔黃粱一夢「好股票」,"本文共2478字

大是文化

「做對的事情、比把事情做對更重要。」——管理學大師彼得‧杜拉克 在這裡，我們不斷嘗試著做對的事。

編按：作者是東海大學國貿系畢業。1997年退伍後，聽學長分析，聯電比台積電更具優勢，在120元時買進3張，結果不到半年便以60元認賠出場。當時聯電的營收比率沒問題，財報也非常漂亮，他以為買到成長股，結果反而接了刀子。問題出在哪裡？這次經驗雖慘痛，卻讓王仲麟決定用更系統化的方式找出讓股票大漲和大跌的理由。 之後他進入大穎集團擔任採購專員，當年塑化業界流傳著「北台塑、中大穎、南奇美」的說法，大穎可說與台塑跟奇美媲美比肩。幾年後卻因急於擴張，資金無法調度變成「地雷股」。他當時的任務之一，是負責讓公司順利下市，為了達成任務，他開始鑽研股票與金融運作機制，長達兩年的訓練，讓他養成一眼就能看出一家公司的危機與獲利機會。 這兩段經歷讓他發現，一家公司目前股價雖然好，但沒有獲利了結的長抱，就會把績優股抱成地雷（像是大穎），於是他研發出「慣性操作法」，取代有獲利就長抱的觀念，讓他在38歲時就財富自由，提早退休。

作者： 王仲麟

下跌18 年才漲回，你等得了嗎？

投資圈的金句名言很多，如果要挑出影響投資能否順遂、甚至決定投資獲利多寡最深的一句，很多人會說是「千金難買早知道」。其實這句話的全文是：「千金難買早知道，後悔沒有特效藥；萬事皆因沒想到，萬般無奈想不到。」說得極有道理，相信大概每個人都完全認同，但為什麼還是有無數投資人總在「事後」不斷懊惱，自己反覆出錯的投資行為？

現在請容我告訴大家這句話的真實版：「千金難買早知道，你卻假設早知道。」為什麼這麼說？比較2006年至2011年宏達電（2498）與台積電的ROE，這段時間宏達電的平均ROE約57.8％，過程中雖有起伏，但都能維持在35％以上；反觀台積電的平均ROE 僅23.3％，其實不差，但確實連宏達電的一半水準都不到，甚至曾經下滑到低於20％。

儘管你已經知道「相不獨論」，亦即不能單靠一項財務比率，就判定個股是否具有蒸蒸日上的體質，但若以巴菲特最喜歡的ROE，來檢視2006 年至2011 年的宏達電與台積電，在2011 年的你會認為誰比較厲害？誰才是更優質、值得投資的好股票？如果當下你相信，長期投資就應該追高買貴、買好擺著不出場，那麼會選擇誰？其實我們很清楚答案，而且當時就連法人都選宏達電。

但是當「事後」才知道兩者的營運績效大相逕庭，股價走勢更是完全相反，宏達電的價值與價格皆如水銀瀉地般直直落，台積電則似旱地拔蔥直直漲，你的想法是不是立刻變成「2011 年時我其實會投資台積電，絕對不可能買宏達電」？

這正好彰顯了一件事：千金難買早知道，但投資人卻經常以事後的答案，來制定事前的投資決策。而這也就是我想告訴你的關鍵句： 看到事後答案的回測，有一定的參考意義，雖然千金難買早知道，但請別「假設你知道」。

其實不只是宏達電，還有很多大家耳熟能詳、基本面表現也曾如日中天，讓很多投資人愛不釋手的優質好股票，例如：台泥、台塑（1301）、中鋼（2002）、南港（2101）、聯電、台揚（2314）、英業達（2356）等，後來都變成黃粱一夢。雖然目前這些股票都還在，但股價早已無法同日而語，所以「追價買貴沒關係，買好擺著不出場」的投資方式，真的不是適當的選擇。

此處我相信會有人說現在不一樣了，只要持有的是台積電或是0050，就可以心安，因為護國神山永遠都會穩若泰山， 0050 的歷史資料回測結果也表現穩定，所以只要持續買進就好，無須任何投資策略或評估價格高低。更甚者會相信，即便在最高點All in 都無妨，因為現在的高價就是未來的低價，亦即未來股價肯定會節節高升。

我無意爭論是非，事實上也沒有對錯，但是要提醒大家務必回歸初心，認真思考以下兩個問題，就會知道自己適不適合上述那種「追價買貴沒關係，買好擺著不出場」的投資方式。

1. 0050及台積電在2022 年時股價重挫。0050 從152.4 元跌至96.4 元，減損36.7％；台積電從688 元跌至370 元，幾乎腰斬。若是在之前就已經All in，這短短9 個月的時間內，資產便蒸發了將近一半，試想若投資人正準備退休，或已經退休，這9 個月來的心情會是如何？

2. 股市短期震盪本來就在所難免（但270 天也算是短期嗎），只要我耐心等待，一定能等到股價上漲的那一天。若是抱持這樣的想法，那麼在2007 年10 月高點買進0050 後，股價便進入長達一年多的下滑走勢，直到2009 年才反彈回升，但也並未漲回至2007 年時的水準，最後等到足足9 年之後，2016 年10 月才終於回本。

另外，台積電也有相同情形，若在2000 年2 月高點時買進，要等18 年到2017 年10 月才損益兩平。如果覺得只要是優質股票，買在高點、All in 都沒關係，股價見好也不用急著落袋為安，一旦遇到這9 年或18 年的套牢，心情又會是如何？

很多人會用學術上的股價還原方式，來安慰自己其實績效沒那麼糟。學術理論當然沒有問題，但你不妨再想一想：10 年前用10 元買的股票，每年都能領1 元現金股利，等於10 年領了10 元，學理會說持股成本其實已經等於0。若是10 年後股價只剩1 元，雖然在數學上還是賺錢，但相信你應該會大失所望的傷心，而不是大喜過望的開心，因為在投資的道理上，除非是除權送股票，才有機會降低平均成本，不然當初買進的價格是10 元，成本就是10 元，不會因為領到現金股利而降低持股成本。

本文摘自大是文化出版的《操作慣性股，我38歲就財富自由：篩出別人沒發現的類台積和類輝達，幾塊漲、幾塊跌有慣性，績效大勝長期持有。》

作者：王仲麟

東海大學國貿系畢業；擁有證券商高級業務人員證照、投信投顧業務員證照、中國理財規畫師國家第一級證照。

曾任職大穎集團財務部、國票金控研究部及自營部；投信投顧公會、企管顧問公司與多家銀行約聘講師。

因負責任職集團的下市流程，潛心鑽研股票、金融運作機制長達兩年時間，養成一眼看出公司危機與獲利機會的頂尖基本功。進入金融圈後，快速成為年薪500萬元、操作資金達32億元的頂尖操盤手，更獨創出慣性股操作法，在38歲財富自由、提早退休。",2/23/2026 23:48,經濟日報,-0.8,0.7,1.0,0.4,新聞對台積電的影響為負面,投資人經歷了幾次優質股票遭遇大幅下跌的事件，例如宏達電、台泥、聯電等，甚至持續買進高價股價也沒有獲利。,新聞提到投資人錯誤地假設早知道會選擇好的股票，實際上事後才知道哪些股票真的好，同時新聞還指出有些股票在下跌後仍然不漲回原先水準。,
擔心關稅，不如擔心持股「AI含量」！ 除了台積電，金馬年最強三劍客是它,"本文共1902字

摩爾投顧

摩爾證券投顧為業界頂尖投顧機構，擁有20位分析師以上陣容，成為市場最龐大最優秀團隊，實現「More Rich」、「富上加富」的品牌核心價值，堅持誠信及嚴明的投資紀律，致力幫助投資人創造豐碩獲利佳績！

文／江國中分析師

今天是金馬年開紅盤第一天，如果你還在糾結「台股3萬點太高」、「川普15%關稅會導致大跌」，那我必須直白地說：限制你財富的，從來不是大盤的點數，而是你對未來的想像力！在金馬年，我們要問的不是「會不會崩盤」，而是當台股衝向4萬點的大時代，你是在車上領賞，還是在路邊鼓掌？

一、 別被「川普稅」嚇破膽！那是談判的「打火機」而非「森林大火」

目前市場最大的雜音，莫過於川普的關稅大刀。川普最初在20日判決後宣稱的是10%，但在21日深夜透過社群媒體加碼表示要拉高到法律上限的15%。說什麼15%全球關稅會毀掉台灣出口。但我告訴你，這叫「利空出盡」！

最新消息顯示，美國最高法院已經判決之前的極端關稅違法，川普雖然祭出B計畫（1974 年貿易法第 122 條），想搞一個 150 天的臨時性 15% 關稅作為談判籌碼。這就像什麼？以前是 50% 的熊熊烈火，現在換成一個「小打火機」在火熱的經濟前面晃。 雖然有點煙，但根本燒不到核心！

更重要的是，高效能運算（HPC）晶片、AI 伺服器等高端產業都在「豁免清單」的射程範圍內。美股大廠如輝達、蘋果可能因為退稅大紅包而現鈔滿滿，回過頭來只會對台灣供應鏈下更多單。所以，與其擔心關稅，不如擔心你手上的持股有沒有「AI含量」！

二、 台積電 2000 元：這不是數字，是「AI 信仰」的總部

台股若要挑戰4萬點，領頭羊是誰？不用想，只有台積電。很多散戶有「恐高症」，看著台積電破千就手抖。但我告訴你，台積電 1500 元只是「地板價」，未來的轉折值預估最高上看 2390 元！ 為什麼？因為它是全球 AI 的心臟。根據最新產業研究，隨著Blackwell晶片量產與HBM整合，台積電的毛利率只要站穩 71%，獲利回饋將是驚人的。

記住一件事：台北股市從來沒有因為台積電一個人的「垃積盤」而反轉，通常是台積電拉高後，中小型標股接棒噴發。 如果你不敢抱台積電，那你就失去了參與這場4萬點盛宴的門票。

三、 金馬年三劍客：是你的財富加速器？

若台股真的能上 4 萬點，選股就要選最強的「第一梯隊」。這就是我常講的「AI 黃金三角」：記憶體、CPO、機器人。

1. 記憶體：報價止跌回升，HBM 是大招

大家看過美股的美光 (MU-US) 台股休市期間漲了多少了吧！三星和海力士也都在瘋漲。這背後的邏輯很簡單：AI 需要巨大的記憶空間，HBM（高頻寬記憶體）供不應求。 在台股中，我們要鎖定的是具有韌性的華邦電、南亞科或是正在醞釀買點的群聯。這波記憶體行情是「認錯回補」的開始，錯過這次低檔佈局，下次可能就要追在高點了。

2. CPO（矽光子）：2026 年的「剛需」原年

如果你問我今年什麼產業最有「爆發感」，我會說 CPO。為什麼？因為傳統的銅線傳輸已經快到極限了，AI 運算這麼快，傳輸跟不上就叫「塞車」。矽光子就是把電訊號變光訊號，解決塞車問題。 美股的 Lumentum(LITE-US) 已經表態，而台股的「光通訊家族」更是強到不行。像是波若威 (3163-TW)、IET-KY(4971-TW)、聯亞 (3081-TW)、光聖 (6442-TW)、上詮 (3363-TW)、華星光 (4979-TW) 都值得留意。

3. 機器人：從「春晚」看見的未來商機。輝達GTC催化，台股「重量級軍團」出列

今年過年，中國春晚展示了機器人的飛速進步，這不是科幻片，是商用化的起點。隨著輝達的GTC大會即將登場，AI結合機器人的應用將成為重頭戲。

系統整合巨頭： 鴻海（與輝達深度合作開發機器人平台）、台達電（全球電源與工業自動化領導者）。

關鍵組件與傳輸： 上銀（機器人肌肉傳動元件龍頭）、亞德客 - KY（氣動元件）。

大腦與運算：研華（工業電腦龍頭）、樺漢。

視覺與感測： 所羅門（AI 視覺指標）、廣明（達明機器人母公司）。

宇隆：首度公開已進入人形機器人的齒輪與減速機供應鏈，預計 2026 年放量。

信邦：與宇隆合作提供關節驅動模組與電子線束。

新代：提供機器人控制器與「小腦」開發平台。

以上都是這波機器人大軍的受益者。這是一個「從無到有」的大市場，爆發力驚人。

紅盤日操作：記住這「三不」禁忌

1.不急追： 跳空大漲不要急，等盤中震盪拉回才是好買點。

2.不亂砍： 只要封關日低點 33,000 點不破，多頭火種就不會滅。

3.不分心： 汰弱留強！把資金集中在「最強 AI 核心」，不要在弱勢股上浪費生命。

你準備好迎接 4 萬點的台股了嗎？金馬年，是屬於勇者的。

※本公司所推薦分析之個別有價證券

※無不當之財務利益關係 以往之績效不保證未來獲利

※投資人應獨立判斷 審慎評估並自負投資風險",2/23/2026 21:38,經濟日報,0.9,0.8,1.0,0.4,台股有望衝向4萬點，投資人應選擇強勢AI公司,"台積電預估高達2390元，成為全球AI的心臟。
華邦電、南亞科、群聯等記憶體廠商正在升值。",分析師認為台股有望突破4萬點，投資人應選擇強勢AI公司，如台積電、華邦電、南亞科和群聯等。,
台積電盤後衝上2073元新天價 「仙人指路」爆20張鉅額 台股3萬5將越過,"台積電今日盤後鉅額交易首次出現一筆20張以2073.3元完成配對，比收盤價高出108.3元。（美聯社）

〔財經頻道／綜合報導〕台積電今（24）日收在1965元、單日大漲65元，刷新收盤新高價，盤後鉅額交易更是令人驚訝，首次出現「2字頭」成交價，其中一筆20張以2073.3元完成配對，比收盤價高出108.3元。

倫元投顧分析師王春盛表示，台積電盤後出現天價，明顯高於盤中水位，顯示「仙人指路」訊號氣氛濃厚。

請繼續往下閱讀...

據證交所統計，2073元成交張數有20張，成交金額超過4146萬元。另有兩筆高價配對交易1969元左右，共85張，總額1.6億元。

法人指出若以台積電價差作指標，對加權指數的推升空間接近900點，換算台股將一舉越過35000點。

台股今日上漲927.56點，創歷史第二大漲點，登上3萬4700.82點收盤新高，外資大買627.34億元為歷史第四大、連5買共2039億元。

台積電今日最後一盤湧入8011張買單強力護盤，使其股價終場大漲65元，以1965元作收，創史上新高價。其中外資在台積電單一標的即掃貨6887張，若以收盤價估算，單日回補金額高達135億元。",2/24/2026 20:41,自由時報,1.0,0.9,1.0,0.8,台積電盤後衝上2073元新天價,其中一筆20張以2073.3元完成配對，比收盤價高出108.3元。,新聞標題和內文表明台積電股價大漲，盤後鉅額交易也出現天價,
開工日奪ETF成交王！009816爆紅 財經專家曝2類人適合買！,"凱基台灣TOP 50 ETF基金（009816），剛掛牌上市沒多久就引發投資圈熱議。（資料照，凱基投信提供）

〔即時新聞／綜合報導〕被稱為「不配息的0050」的凱基台灣TOP 50 ETF基金（009816），才剛掛牌上市沒多久就引發投資圈熱議。財經專家陳重銘表示，這檔ETF很適合上班族和想幫小孩存股的家長去買。

009816自本月3日掛牌後，以「股息自動再投入」特色吸引資金搶進，昨天（23日）開工首日成交量爆衝，奪ETF與台股成交王。「不敗教主」陳重銘在臉書發文指出，009816他先前就已經分享過很多次，價格便宜，適合幫小孩存股，也適合上班族定期定額買進。

請繼續往下閱讀...

陳重銘接著說，009816特點是不配息，股息會自動滾進淨值，投資人不用煩惱股利要繳所得稅，而且009816經理費是全台最低的0.07%，更適合長期投資。

至於有網友提出疑慮，認為009816才剛上市需要觀望一下，陳重銘直言，ETF並不是一家公司，而是持有一籃子的公司，只要它持有的公司都是老牌的績優股，就算才剛上市，也不會有什麼問題。他進一步說明，009816持有台灣前50強企業，例如台積電、鴻海、聯發科等等，在挑選ETF時，要看的是它的成分股，而不是上市時間。",2/24/2026 20:07,自由時報,0.8,0.9,1.0,0.4,凱基台灣TOP 50 ETF基金（009816）引發投資圈熱議,自本月3日掛牌後，以『股息自動再投入』特色吸引資金搶進，昨天（23日）開工首日成交量爆衝，奪ETF與台股成交王。,凱基台灣TOP 50 ETF基金（009816）的掛牌和成交量增加表明對此股票的投資需求較高。,
外資買超627億前10大買超出爐！這檔電子4天敲逾13萬張成大贏家,"外資買超627億前10大買超出爐！聯電4天敲逾13萬張成大贏家。（資料照）

〔財經頻道／綜合報導〕台股週二（24日）在台積電領軍全力衝刺下，終場指數大漲927點，創史上第2大漲點，指數也登上34700點新高，外資續站在買方，買超627.34億元，最愛電子，前3大皆為電子，而聯電則以6.47萬張居榜首，短短4天就敲13.17萬張，受此激勵，股價連3漲，今收67.5元，漲5.63%，成交量放大到18.33萬張。

外資週二買超前10大個股，依序為聯電（2303）6萬4785張、群創（3481）5萬8880張、友達（2409）5萬5931張、凱基金（2883）4萬3674張、力積電（6770）3萬8043張、鴻海（2317）3萬7263張、國巨*（2327）3萬3619張、南亞（1303）3萬291張、中鋼（2002）2萬4835張、中工（2515）2萬3442張。",2/24/2026 16:52,自由時報,1.0,0.8,0.9,0.8,聯電短期內股價上漲，外資買超持續,4天内联电股票价格连续3日上涨，成交量放大到18.33万张,联电短期内股价上涨且成交量增加，表明市场对其有较高的信心,
美國晶片製造仰賴台積電 外媒：台灣拉大領先 華府能做的微不足道,"儘管台積電在亞利桑那州的新計畫規模龐大，但在產量和技術方面仍落後於其台灣工廠。（示意圖，歐新社）

〔財經頻道／綜合報導〕蘋果正努力將更多生產環節轉移到美國，包括晶片製造和Mac mini組裝，但此進展卻緩慢。美媒報導，將蘋果公司更多生產和組裝環節遷回美國的壓力越來越大。然而，即便投資6000億美元，與全球晶片供應鏈相比，在美國所能做的也微不足道。

《華爾街日報》獲得特別許可，得以參觀蘋果公司在美國的多個工廠，了解其供應鏈回流計畫。首席營運長薩比赫·汗等高管參觀了台積電亞利桑那州工廠、富士康休斯頓工廠等。台積電正在建設該廠區，計劃投資1650億美元建設六座晶片工廠及其他設施，使其成為美國最大的建設項目之一。

請繼續往下閱讀...

在川普政府的壓力下，蘋果去年承諾在未來四年內向美國投資6000億美元。這項投資大部分與製造業無關，而是涵蓋了在美國的所有支出，包括數萬名蘋果員工和零售人員的薪資。

但蘋果全球採購主管表示，這項承諾也包括蘋果今年計畫從台積電亞利桑那工廠採購超過1億顆晶片；「我們正在盡可能地採購這家工廠的產量」，他指的是這家晶片製造廠。相對於全球晶片供應鏈而言，蘋果的採購量並不算大。而且，蘋果從該工廠的採購量僅佔其晶片總需求的一小部分。

美國半導體供應鏈的重建競賽根源於美中兩國圍繞台灣問題的緊張關係，世界上絕大多數最先進的晶片都產自台灣。中國威脅控制台灣。從飛彈和戰鬥機到智慧型手機、人工智慧伺服器、家用電器和電動玩具，晶片無所不在。新冠疫情期間，美國人購買新車困難重重，部分原因就是晶片供應中斷。

因此，美國政府施加壓力並提供財政激勵措施來刺激國內建設，而主要晶片買家則推動國內採購，以減少對一個可能被入侵或面臨高關稅、且容易發生大地震的島嶼的依賴。

蘋果公司自行設計晶片，台積電負責生產。蘋果承諾在其晶片設計中採用台積電的尖端技術，這無疑鞏固台積電作為全球晶片製造商的主導地位。這也讓台積電更有信心在每一代晶片生產所需的新工廠投入大量資金。

蘋果公司表示：我們為整個行業所扮演的角色是，通過與台積電合作，我們可以快速地將該製程的產量和良率提升到很高水平。

如果台積電的計畫最終得以實現，其位於亞利桑那州的廠區將建成一座佔地超過2000英畝的工業小鎮。目前，一座晶圓廠已建成並投入生產晶片，第二座將於明年投產，第三座（目前僅為鋼結構框架）將於2030年建成。此後，台積電也計劃再建三座晶圓廠。廠區旁將建有公寓大樓和一家好市多超市。

儘管台積電在亞利桑那州的新計畫規模龐大，但在產量和技術方面仍落後於其台灣工廠。台積電在台灣擁有四座月產超過10萬片晶圓的工廠，以及七座規模較小的工廠；該公司表示，亞利桑那州工廠的產量要等到六座晶圓全部建成後才能達到類似的水平。該公司最先進的晶片產自台灣，如今這些晶片的電晶體尺寸已小至2奈米。

美媒Appleinsider則指出，許多項目都是老生常談，例如位於亞利桑那州的台積電佔地1100英畝的工廠將生產4奈米和5奈米製程晶片。要達到台灣目前每月10萬片晶圓的產量，需要十年時間才能建造並營運六座晶圓廠。

這座耗資1650億美元的工廠從投產之初就已過時。到2030年，它或許能夠生產目前台灣生產的2奈米晶片，但屆時台灣在其他領域也將取得長足進展。

蘋果公司在將業務轉移到中國數十年後，正努力將更多業務遷回美國。將很大一部分業務遷回美國 即使不是不可能，也不現實，但供應鏈多元化至關重要。事實證明，這些努力和投資足以讓蘋果免受現任美國政府的壓制。關稅豁免和較少的審查迄今為止發揮了重要作用，但蘋果並非完全不受行業影響。",2/24/2026 16:36,自由時報,0.7,0.9,0.8,0.4,台積電在亞利桑那州的新計畫將使其成為美國最大的建設項目之一，然而在產量和技術方面仍落後於其台灣工廠。,台積電正在建設該廠區，計劃投資1650億美元建設六座晶片工廠及其他設施，使其成為美國最大的建設項目之一。,新聞內容表明台積電在亞利桑那州的新計畫將對美股產生重大影響，但受限於技術和產量的落後，最終未能達到中立的情況。,
外資買超627億前10大賣超揭曉！這檔記憶體遭反手倒貨逾2萬張淪大苦主,"外資前10大賣超揭曉！華邦電遭反手倒貨逾2萬張淪大苦主。（資料照）

財經頻道／綜合報導〕台股週二（24日）在台積電領軍全力衝刺下，終場指數大漲927點，創史上第2大漲點，指數也登上34700點新高，外資雖續站在買方，買超627.34億元，卻對電子股大提款，其中又以華邦電最慘，反手倒貨逾2萬張，所幸投信與自營商力挺，股價不跌反漲，終場大漲6.09%，收122元，成交量達24.91萬張。

外資週二賣超前10大個股，依序為華邦電（2344）2萬2944張、欣興（3037）1萬9777張、台新新光金（2887）1萬7000張、仁寶（2324）1萬3270張、可寧衛*（8422）1萬2601張、華通（2313）1萬1191張、玉山金（2884）7904張、一詮（2486）6632張、臻鼎-KY（4958）5612張、南茂（8150）5600張。",2/24/2026 16:35,自由時報,-0.6,0.8,1.0,0.4,華邦電遭外資反手倒貨逾2萬張,外資前10大賣超揭曉！華邦電遭反手倒貨逾2萬張淪大苦主。,新聞中提到華邦電遭外資反手倒貨逾2萬張，表明對公司股票價格有負面影響。,
台股大漲927點投信前10大賣超出爐！狂吃這檔電子豆腐 倒貨1.61萬張霸榜,"台股大漲927點，投信前10大賣超出爐！狂吃聯電豆腐，倒貨1.61萬張霸榜。（資料照）

〔財經頻道／綜合報導〕台股週二（24日）在台積電領軍全力衝刺下，終場指數大漲927點，創史上第2大漲點，指數也登上34700點新高，雖然投信由賣轉買，買超56.04億元，不過，卻大吃聯電豆腐，已連5賣，今賣超更放大到1.61萬張，雖然投信賣不停，但外資出手力挺，股價不跌反漲，今再漲5.63%，收67.5元，成交量放大到18.33萬張。

投信週二賣超前10大個股，依序為聯電（2303）1萬6111張、正新（2105）9051張、華航（2610）5226張、國泰金（2882）3402張、亞泥（1102）3315張、統一（1216）3034張、中信金（2891）2803張、長榮航（2618）2633張、勤誠（8210）2100張、台化（1326）1880張。",2/24/2026 16:23,自由時報,1.0,0.8,1.0,0.8,投信買超大幅增加，對聯電股價有正面影響,投信週二賣超前10大個股，聯電(2303)出爐！狂吃聯電豆腐，倒貨1.61萬張霸榜。,投信買超增加對股票股價有正面影響,
華邦電抱緊！投信一出手就連2日霸榜 3天漲18％,"華邦電抱緊！投信一出手就連2日霸榜，3天股價漲18%。（資照料）

〔財經頻道／綜合報導〕台股週二（24日）在台積電領軍全力衝刺下，終場指數大漲927點，創史上第2大漲點，指數也登上34700點新高，而投信則由賣轉買，買超56.04億元，銀彈撒向電子，前10大中，只有台新新光金屬於電子，其餘由電子包辦，而電子中又以華邦電最狂，繼馬年開紅盤首日大買5327張後，今再加碼8757張，連2日霸榜，不僅投信買，外資買超更積極，在內外資力挺下，股價連3紅，漲幅逼近18%，股價來到122元，成交量放大到24.91萬張。

投信週二買超前10大個股，依序為華邦電（2344）8757張、台新新光金（2887）4154張、欣興（3037）3659張、華通（2313）3120張、旺宏（2337）1990張、國巨*（2327）1947張、南電（8046）1630張、聯鈞（3450）1559張、台積電（2330）1492張、尖點（8021）1414張。",2/24/2026 15:49,自由時報,0.8,0.7,1.0,0.4,華邦電股價大漲18%，連續3天走紅,投信買超56.04億元，連2日霸榜華邦電，前10大中，只有台新新光金屬於電子，其餘由電子包辦，而電子中又以華邦電最狂,因為投信和外資都在買入華邦電股權，使得股價大漲,
台股續創新高 法人：｢4理由」台股指數上看4萬點,"兆豐投信正式進軍主動式ETF市場，圖為「兆豐台灣豐收主動式ETF證券投資信託基金（00996A）」擬任基金經理人王仲良。（記者李靚慧攝）

〔記者李靚慧／台北報導〕台股今日大漲927點，推升加權指數站上34700點新高，不過，法人眼中的台股不僅如此，兆豐投信今日指出，考量AI需求旺盛、寬鬆貨幣政策、產業庫存維持低檔、企業獲利持續成長等4大利多支撐，預期2026年股市將繼續延續多頭上漲走勢，台股今年的指數可望達到36000點至40000點的區間，且今年上漲的個股將比去年更為多元化。

看好2026年（金馬年）台股在AI浪潮下的多頭格局，以及投資人對超額報酬的渴望，兆豐投信董事長陳佩君今（24）日宣佈，進軍主動式ETF市場，將於3月4日起募集「兆豐台灣豐收主動式ETF證券投資信託基金（00996A）」。該基金主打「選股無死角」的差異化策略，結合經理人主動操作與量化模型輔助，在台股上市櫃企業中精選50至70檔優質標的，以「穩健豐收」搭配「成長α」的雙軌機制，協助投資人全面掌握AI上中下游產業鏈及多元成長契機。

請繼續往下閱讀...

陳佩君說，00996A 是台灣第12檔主動式 ETF，兆豐投信也是第9家發行主動式 ETF 的投信。雖然兆豐投信屬於中型投信，但無論是主動式 ETF、平衡型ETF 還是共同基金，都有越來越好的表現，今年也如同往年，預計發行4檔基金，對於首檔主動式ETF（00996A），期許可以成為兆豐投信第1檔規模破百億的ETF。

不同於市場上許多主動式ETF受限於追蹤指數規則，僅能鎖定上市前50大或150大權值股，00996A採取更靈活的「全域選股」策略。00996A擬任基金經理人王仲良指出，面對AI時代「大者恆大」的競爭格局，大型企業雖具備財務穩健與高資本支出的優勢，但台灣供應鏈中，許多中小型股也具備驚人的成長爆發力。因此，00996A鎖定「上市前150大」搭配「上櫃前50大」的企業，不僅囊括台積電、鴻海等龍頭股，更能主動挖掘出同業「看得到買不到」、正處於高成長期的中小型隱形冠軍，真正實現α（超額報酬）的投資目標。

投資配置上，王仲良表示，該基金預計將6成以上資金配置於具備現金流穩定、競爭力突出的中大型「豐收型企業」，為投資人提供下檔保護；其餘資金則透過團隊深入研究基本面與量化數據輔助，鎖定具轉機題材或高成長潛力的中小型股，力求在市場廣泛發現前先行佈局，精準配置，讓投資組合既穩健又不失攻擊力。

展望2026年，王仲良分析，台股在「4大利多」的支撐下，長線多頭可期，一是AI基礎建設需求持續暢旺，帶動硬體供應鏈獲利；二是全球貨幣政策趨於寬鬆，資金動能充沛；三是產業庫存已調整至低檔，回補需求浮現；四是企業獲利預期重回成長軌道。",2/24/2026 15:46,自由時報,0.9,0.8,1.0,0.4,兆豐投信預期2026年台股指數可望達到36000點至40000點的區間,,,
矽谷的未爆彈 ! 紐時點名台灣遇「1事」 美國經濟將瞬間熄火,"紐時警告，矽谷長期忽視迫在眉睫的台灣晶片災難。（路透資料照）

〔財經頻道／綜合報導〕台灣是地緣政治焦點，更是全球科技命脈。《紐約時報》指出，一旦台灣所生產的晶片供應中斷，許多美國科技巨頭僅能靠庫存支撐數月，而美國經濟恐瞬間熄火，全球經濟也將面臨前所未有的衝擊。事實上，產業早已被警告。

據報導，2022年半導體產業協會委託撰寫的機密報告指出，台灣約生產全球約9成高階晶，倘若晶片供應中斷，將導致全球面臨自大蕭條以來最嚴重的經濟危機；其中，美國GDP恐下滑11%、中國甚至可能衰退16%。

請繼續往下閱讀...

在華府與矽谷的機密簡報中，美國國安官員多次警告蘋果、AMD與高通等企業高層，若是北京實施封鎖，台灣晶片供應中斷，美國科技產業將陷入癱瘓。因此，拜登政府曾以數百億美元補助推動本土製造，川普也以關稅威脅迫使企業回流，但這些警告、補貼與施壓都未能真正改變產業供應鏈結構。

美國科技公司仍高度依賴台灣生產的晶片，這些晶片支撐著智慧型手機、筆電與驅動人工智慧的巨型資料中心。隨著日前中國軍方在台灣周邊進行實彈演習，白宮的憂慮升高，財政部長貝森特稱，全球97%的高階晶片集中於台灣，一旦遭封鎖或產能受損，將引發「經濟末日」。

紐時直言，如今的台灣已成美國經濟命脈，尤其人工智慧熱潮高度依賴台灣製造的晶片，直接推動股市與經濟成長。

川普政府對風險認知清晰，頻繁以半導體關稅作為談判籌碼，迫使企業向美國工廠採購，這使輝達承諾採購台積電亞利桑那新廠晶片，但困境在於，美國新廠晶片成本高出25%以上，技術又落後一代，企業不願犧牲利潤。

倘若無訂單，工廠難以投資擴建，但若無產能，企業更不願下單，就此形成惡性循環，但即便美國預計到2030年投入2000億美元（約新台幣6.28兆元）擴產、產能提升50%，全球市占率仍僅約10%。

國安顧問蘇利文坦言，美國對台灣依賴是最大弱點之一，企業則更關心季度財報與利潤率，而非地緣風險。美國產業更普遍抱持，「若出事大家一起遭殃」的心態，缺乏集體行動。

2022年2月，半導體產業協會聘請麥肯錫公司進行調查，如果美國企業無法從台灣獲得晶片，會發生什麼事。這份報告詳細闡述了台灣在全球經濟中的重要性，台灣為iPhone生產晶片，並生產了超過一半的汽車記憶體晶片，同時在人工智慧晶片組裝領域也處於領先地位，預計約貢獻全球約10兆美元（約新台幣314.4兆元）的國內生產毛額。

如果台灣的工廠停工，美國經濟將遭受重創，其國民生產毛額將下降2.5兆美元（約新台幣78.5兆元），中國國民生產毛額則下降2.8兆美元（約新台幣88兆元）。

據報導，拜登簽署《晶片法案》後，台積電、英特爾與三星承諾擴大美國投資，但訂單仍不足。英特爾與三星因技術落後與客戶缺乏承諾，補助甚至遭削減。直到2024年底，英特爾虧損加劇、高層更替，美國政府不得不介入協調台積電合作。

川普政府進一步施壓，對台灣祭出高額關稅威脅，要求企業將50%晶片採購自美國工廠，否則面臨100%關稅。台積電最終承諾加碼投資1000億美元（約新台幣3.14兆元），在亞利桑那新建4座晶圓廠，並與台灣企業承諾額外1500億美元（約新台幣4.71兆元）投資與2500億美元（約新台幣7.85兆元）信用擔保。

《紐約時報》指出，表面上美國比數年前更有準備，但半導體建廠需時多年，問題無法一夕解決。輝達首顆在美製造的AI晶片雖具象徵意義，卻仍需運回台灣進行封裝，顯示供應鏈仍未真正脫鉤。

分析人士認為，晶圓廠可以花錢建，但真正難搬的並不是晶圓，而是生態系，意味著半導體供應鏈的「最後一哩路」瓶頸。",2/24/2026 14:21,自由時報,-0.8,0.9,0.8,0.4,美國經濟將瞬間熄火，全球經濟也將面臨前所未有的衝擊,《紐約時報》指出，一旦台灣所生產的晶片供應中斷，許多美國科技巨頭僅能靠庫存支撐數月，而美國經濟恐瞬間熄火,美國對台灣的晶片依賴度極高，如果台灣晶片供應中斷，將導致全球面臨自大蕭條以來最嚴重的經濟危機,
台股收漲927點史上第2大！台積電飆1965元、指數登34700點雙創收盤新猷,"台股收漲927點史上第2大！台積電收1965元、指數登34700點雙創收盤新猷。（資料照）

〔財經頻道／綜合報導〕受關稅與AI夾擊，道瓊週一大跌逾800點，不過，台積電ADR則微跌0.16％，而台股在金馬年開紅盤續創新高後，週二再接再厲，在台積電、日月光、聯發科、台達電等電子股開盤上漲，指數開盤跳空漲247.45點，以34020.71點開出，在電子與金融雙引擎帶動，加上傳產也走揚下，指數開高走高，隨著台積電買盤點火，股價來到1975元，再刷新天價，指數漲1013點，來到34786點，再創新猷，雖台積電尾盤調節，但股價仍收1965元，創收盤新高，指數終場漲927點，亦創下史上第2大漲點，收34700.82點，創收盤新猷，成交量達8370億元。

前10大成交額一片紅通通，台積電漲65元，收1965元，成交額796.6億元，排名第1；欣興以漲停446元作收，成交額364.93億元，排名第2；華邦電漲7 元,收122元，成交額293.32億元，排名第3；南亞科漲9元，收298元，成交額274.02億元，排名第4；華通以漲停225.5元作收，成交額243.33億元，排名第5。

請繼續往下閱讀...

國巨*漲19.5元，收301元，成交額239.29億元，排名第6；力積電以漲停73.7元作收，成交額237.85億元，排名第7；台達電漲80元，收1385元，成交額182.5億元，排名第8；鴻海漲3.5元，收232元，成交額153.89億元，排名第9；金居以漲停300.5元作收，成交額151.85億元，排名第10。",2/24/2026 13:49,自由時報,0.9,1.0,1.0,0.8,台股大幅收漲，台積電創收盤新高,指數終場漲927點，亦創下史上第2大漲點，收34700.82點，成交量達8370億元。,台股大幅收漲，台積電創收盤新高，顯示市場對台積電的信心增強，同時台股整體表現也非常穩定，短期內這種趨勢可能持續,
焦點股》台積電：創1975元新天價,"台積電創1975元新天價。（資料照）

〔記者洪友芳／新竹報導〕晶圓代工龍頭台積電（2330）今盤中股價衝上1975元新天價，大漲75元，漲幅達3.94%，市值也來到51.21兆元新高；轉投資世界先進（5347）則漲停達137.5元。

台積電預估今第一季營收以美元計，約會落在346億美元至358億美元之間，中間值季增4％，以新台幣兌美元1比31.6元計算，毛利率約在63％至65％之間，營利率則預計在54％至56％之間。

請繼續往下閱讀...

台積電受惠強勁AI需求帶動，今年預期全年營收年增30％，將又是強勁成長的一年。",2/24/2026 11:51,自由時報,0.9,0.8,1.0,0.4,台積電股價創新高,"台積電股價衝上1975元新天價，大漲75元,漲幅達3.94%。",新聞標題及內文均顯示了台積電股價大幅上漲的現象，表明市場對台積電的預期良好。,
鎖定台積電園區效應大爆發！Costco將提前動工整地 美媒曝最新規劃,"台積電（TSMC）持續進行海外投資建廠，而台積電亞利桑那廠所帶來的外溢效應也持續發酵。（彭博）

〔財經頻道／綜合報導〕台積電（TSMC）持續進行海外投資建廠，而台積電亞利桑那廠所帶來的外溢效應也持續發酵，耗資70億美元打造的「城中城」Halo Vista開發案，將主要服務台積電員工、供應鏈廠商以及快速成長的科技產業走廊，據鳳凰城當地媒體報導指出，Halo Vista內的美式賣場好市多（Costco），預計提前在今年3月就會動工整地。

根據鳳凰城商業雜誌（Phoenix Business Journal）報導，Costco將成為Halo Vista零售區的核心主力，整地工程預計在下個月就會啟動，開發團隊已提前展開場地準備作業，為後續建築工程鋪設基礎設施與道路。

請繼續往下閱讀...

Halo Vista由麥克房地產集團（Mack Real Estate Group）與麥考特夥伴公司（McCourt Partners）主導開發，定位為結合住宅、商業與產業的複合式社區，圍繞著台積電園區建設，該計畫規模龐大、用途多元，早在先前即已傳出Costco與萬豪酒店（Marriott）將進駐的消息。

開發商指出，引入零售與飯店產業，是為了及早提供數千名台積電員工與供應商生活機能，同時帶動後續商業活動發展。分析指出，這種策略屬於典型的大型開發案「首波進駐者（first-user）」模式，也就是先引進具代表性的品牌，藉此吸引更多投資、推動基礎建設並加速整體開發進程。

外界先前預期，主要動工時間落在2026年下半年，但週一（23日）的最新報導指出，整地工程已提前至3月啟動，顯示部分建設時程可能加快，若進度如期，初期施工將集中於道路、排水與公共設施等基礎建設。

分析指出，類似Costco這類大型零售商的進駐，往往會帶動更多商業與住宅開發，意味著Halo Vista整體建設速度可能進一步加快。

不過短期內，相關土地開發重點將集中於許可申請、整地與基礎工程。而Costco目前也尚未公布確切的開幕時間，門市規模與配置細節的揭露也仍有限。隨著相關建照與施工公告陸續出爐，整體開發進度將逐步明朗。",2/24/2026 11:29,自由時報,0.8,1.0,0.9,0.4,台積電園區效應大爆發！Costco將提前動工整地,耗資70億美元打造的「城中城」Halo Vista開發案，預計今年3月就會啟動整地工程。,新聞標題和內文均表明了台積電園區效應的正面影響,
美股收盤》關稅與AI夾擊、道瓊大跌逾800點 台積電ADR微跌0.16％,"美股23日全面收黑，道瓊大跌逾800點。（路透）

〔即時新聞／綜合報導〕投資人擔憂美國關稅措施帶來的不確定性，以及人工智慧（AI）衝擊疑慮，華爾街股市主要指數23日全面收低，其中道瓊工業指數重挫800多點。

綜合媒體報導，投資人持續擔憂AI帶來的顛覆性影響，以及上週五美國最高法院裁決的後續影響，美國總統川普在貿易政策上的反覆言論也是影響因素之一，導致投資人紛紛拋售高風險股票，股票全面拋售使得美股三大指數下跌超過1%

請繼續往下閱讀...

焦點個股方面，Meta下跌2.81%、蘋果微漲0.60%、微軟下跌3.21%、輝達上漲0.91%、亞馬遜下跌2.30%、Alphabet下跌1.02%；台積電ADR微跌0.16%，收在370.04美元。IBM股價崩跌逾13%，創下自2000年10月以來最大的單日跌幅。

道瓊工業指數重跌821.91點或1.66%，收48804.06點。

標準普爾500指數下挫71.76點或1.04%，收6837.75點。

那斯達克指數挫跌258.80點或1.13%，收22627.27點。

費城半導體指數下滑46.96點或0.57%，收8213.46點。",2/24/2026 6:57,自由時報,-0.7,0.8,1.0,0.8,道瓊工業指數大跌逾800點，台積電ADR微跌0.16%,道瓊工業指數重跌821.91點或1.66%，收48804.06點。,市場整體出現強烈的恐慌情緒和不確定性，影響台積電ADR的股價,
台積馬力全開 今年全台建廠達10座,"半導體供應鏈估計，台積電馬年在北中南三大科學園區建廠中或將動土興建達十座之多。（資料照）

〔記者洪友芳／新竹報導〕馬年開工，台積電受惠人工智慧（AI）對先進製程與先進封裝產能供不應求，在台灣投資建廠「馬力全開」，半導體供應鏈估計，台積電馬年在北中南三大科學園區建廠中或將動土興建達十座之多。台積電先進製程獨霸全球，雖加碼投資美國，但美國建廠時程緩慢，供應鏈預期台灣仍是台積電先進製程與先進封裝主要投資量產的重心。

農曆春節假期，台積電各工地一般休三到九天，依不同工地、不同廠商自主管理；例如竹科寶山工地，部分工人初三就開工，其他則正常休假。

請繼續往下閱讀...

台積電竹科寶山晶圓二十廠正進行第三期（P3、P4）廠區土建工程，這兩座十二吋廠將做為二奈米以下的新世代製程量產基地；中科晶圓二五廠將是一．四奈米先進製程生產基地，計畫興建四座廠，去年底已動工基樁工程，第一座廠可望二〇二七年底展開風險性試產，二〇二八年下半年正式量產。

南科是台積電在台擴產重心，高雄楠梓的晶圓二二廠是二奈米製程的量產重鎮，第一期（P1）廠區去年下半年量產，第二期（P2）廠區已完成設備裝機、進入試產，第三期（P3）廠區建築結構已大致就緒，第四期（P4）、第五期（P5）廠陸續動工興建。

因應二奈米需求大爆發，台積電擬在台南特定區A區增加投資建二奈米廠，第一期（P1）廠若四月環評通過，可望五月開始動工。不過，供應鏈廠商認為，台南特定區目前屬於台南市政府管轄範圍，行政效率是否有變數還待觀察。

此外，台積電在南科三期也有二座CoWoS先進封裝廠待興建，嘉義園區第三、第四座先進封裝新廠，今年內可望動工；屏東科學園區的半導體供應鏈專區，傳出預計年中將動工建廠。 台積電擴產需求旺，預期帶動廠務工程今年營運也將續成長。",2/24/2026 5:30,自由時報,0.8,1.0,0.9,0.4,台積電在北中南三大科學園區建廠達十座,半導體供應鏈估計，台積電馬年在北中南三大科學園區建廠中或將動土興建達十座之多。,因為台積電投資建廠「馬力全開」，受惠人工智慧對先進製程與先進封裝產能供不應求，預期帶動廠務工程今年營運也將續成長。,
馬年開紅盤 台股再創新高,"台股金馬狂奔，昨新春開紅盤以上漲167.55點、33773.26點作收，指數再創新高！（記者田裕華攝）

尾盤賣壓出籠漲幅收斂 收漲167點

〔記者張慧雯／台北報導〕無畏關稅變數，台股金馬狂奔，新春開紅盤指數再創新高！台股昨開高，一度大漲逾六百點，站上三萬四千點，尾盤雖因賣壓出籠漲幅收斂，以上漲一六七．五五點、三萬三七七三．二六點作收，仍再度寫下新高，散戶超樂大喊「台股就是強」。

一度大漲逾600點 站上3萬4千點

台股昨在被動元件、記憶體、載板族群同步噴出下，電子族群占大盤成交比重逾七成，金融、塑化股表現也不錯，但台積電最後一筆出現逾萬張賣單，仍守住一九〇〇元大關。觀察三大法人動向，外資買超逾八十三億元，自營商、投信賣超逾一三〇億元。

請繼續往下閱讀...

投信：台股價量揚 走勢全球最強

保德信市值動能五十ETF經理人楊立楷指出，台股價量齊揚創新高，走勢幾乎是全球最強；春節期間美國關稅違憲問題，預料對台灣半導體業影響有限，反倒主計總處上修今年經濟成長率至七．七一％，加上輝達與Meta簽下多年CPU晶片大單、輝達執行長黃仁勳預告三月GTC將發表新品，眾多利多因素帶動台股持續挑戰新高。

野村投信表示，隨需求深入到先進封裝、記憶體、關鍵材料等底層，台灣供應鏈角色由受惠者轉為主導者，預期今年起成為AI發展「新主線」，支撐台股中長期表現。元大投顧分析，從技術面觀察，加權指數日KD指標開口擴張向上，顯示買盤擴散到漲價循環、規格升級等族群，資金未過度集中特定類股，盤勢健康輪動，有助指數維持高檔震盪格局。",2/24/2026 5:30,自由時報,1.0,0.8,1.0,0.8,台股指數新高，電子族群領跑,"昨新春開紅盤以上漲167點, 三萬三七七三．二六點作收","指數再創新高, 電子族群占大盤成交比重逾七成",
台積電馬年10座晶圓廠將「發爐」 英媒大力點讚,"台積電正在加速國內製造擴張，2026年台灣各大科學園區可能有多達10座晶圓廠正在興建或準備投產。（法新社）

〔財經頻道／綜合報導〕台積電正在加速國內製造擴張，業內人士表示，到2026年，台灣各大科學園區可能有多達10座晶圓廠正在興建或準備投產。英媒New electronics周一（23日）報導，這一發展反映這家晶片製造商在全球需求不斷增長的情況下，努力擴大先進製程技術和封裝產能的決心。

根據供應鏈報告，台積電目前的重點仍是尖端製程，包括 2nm（奈米）、A16和A14。新竹寶山Fab 20 內的P3和P4工廠正在進行前期工程工作，這些工廠將作為2nm以下製程技術的生產基地。

請繼續往下閱讀...

台積電於2025年底開始量產2奈米製程，Fab 20（位於台積電全球研發中心旁）和新建成的位於高雄的Fab 22同時投產。 Fab 20目前已進入穩定生產階段，預計月產量在2萬至2.5萬片晶圓之間。

在台灣中部科學園區，台積電正在建造Fab 25，作為其1.4nm製程中心。園區計畫興建四座晶圓廠，樁基工程已於2025年底啟動。預計風險試產將於2027年底開始，隨後於2028年下半年全面量產。

該地區在先進封裝領域也將扮演核心角色。位於台中的AP5B工廠計劃於2026年竣工，而位於嘉義的AP7 P1封裝工廠的建設也正按相近的時間表推進。隨著下一代晶片設計對後端製程的要求日益複雜，這些項目將進一步鞏固台灣中部作為重要封裝生產中心的地位。

在高雄，作為台積電2nm製程工程核心的Fab 22工廠，多個建設階段正在並行推進。 P1工廠已於去年下半年投入量產，P2工廠已完成設備安裝並開始試生產，P3工廠的結構建設也已基本完成。 P4和P5工廠的建設工作也在進行中，預計所有五座工廠將於2027年第四季全面投入營運。

台南正逐漸成為先進製程擴張的另一個戰略要地。為了滿足日益增長的2nm產能需求，台積電計畫在台南A區追加投資。如果其P1項目在4月通過環境評估，最快可能在5月開工。

台積電的擴張得益於資本支出的大幅成長。今年1月，該公司預計2026年的資本支出將在520億至560億美元之間，年增約30%。這項投資激增凸顯台積電不僅在台灣，而且在美國和日本等海外項目上的投資規模。",2/23/2026 19:30,自由時報,1.0,0.8,1.0,0.4,台積電將在2026年前後建造10座晶圓廠,法新社報導，到2026年，台灣各大科學園區可能有多達10座晶圓廠正在興建或準備投產。,台積電正在加速國內製造擴張，指出將在2026年前後建造多座晶圓廠，這表明公司對未來的需求和發展有信心,
金馬年股匯開紅盤！新台幣一度勁揚逾1角收31.462元,"新台幣一度勁揚逾1角收31.462元。（記者陳梅英攝）

〔記者陳梅英／台北報導〕金馬年股匯開紅盤！台股盤中氣勢如虹、一度大漲逾600點，尾盤雖然台積電下殺拖累大盤指數漲點縮小，但仍收漲逾百點。新台幣兌美元匯率則是一舉升破31.5元大關，在熱錢回流下，盤中最高升抵31.417元、勁揚逾1角，尾盤升幅收斂，最後收在31.462元，升值5.6分，成交量爆出22.19億美元大量。

台股今日上漲167.55點，收在33773.26點，三大法人雖合計賣超51.43億元，但外資買超83.52億元。

請繼續往下閱讀...

新台幣匯價早盤以31.5元、升值1.8分開出，盤初一度陷入整理，隨台股漲勢擴大、主要亞幣同步翻揚，新台幣匯價順勢轉強，升破31.5元關卡，午後在外資熱錢以及出口商拋匯需求同時湧入下，升勢猛烈，最高觸及31.417元、勁揚逾1角。

農曆春節期間，美國總統川普對等關稅被最高法院推翻，川普對法院判決不滿，並計劃實施新的全球15%關稅，市場正在評估新的關稅方案影響。週一亞洲電子盤美元指數走軟，激勵主要亞幣全面翻揚。

匯銀人士指出，週一亞洲電子盤美元指數雖然回落，但美國上週公布通膨數據不佳，市場認為聯準會短期內不可能降息，加上中東局勢緊張，預期美元仍有支撐，後續仍要提防美元轉強對台幣的影響。

另外，川普關稅變數仍高，投資人正重新衡量新關稅對全球供應鏈及台美貿易協議的影響，外資熱錢能否持續回流也有待觀察。

不過央行今年以來雙向調節策略奏效，目前來看，新台幣仍落在31.4元至31.7元區間內不變。

根據央行統計，新台幣今日升值0.18%，在2月13日至2月23日期間，美元指數則是上漲0.46%、日圓重挫0.71%、韓元大漲0.34%、新幣貶值0.04%，亞幣升貶不一。人民幣休市。",2/23/2026 18:14,自由時報,0.7,0.8,0.9,0.4,台股今日大漲逾100點，新台幣升破31.5元大關,"新台幣一度勁揚逾1角收31.462元, 台股盤中氣勢如虹，一度大漲逾600點",因為新的美元指數走軟，激勵主要亞幣全面翻揚,
外資前10大賣超出爐！這檔馬年開紅盤反手倒貨逾5萬張 股價青筍筍,"馬年外資前10大賣超出爐！友達反手倒貨逾5萬張，股價青筍筍。（資料照）

〔財經頻道／綜合報導〕台股金馬年開紅盤，在ABF載板、記憶體扮要角，指數漲167點，收33773點新高，外資力挺台股，買超83.52億元，卻對電子股大提款，其中又以友達最慘，反手賣超逾5萬張，受此衝擊，股價下跌1.24%，收15.95元，成交量放大到50.24萬張。

外資週一（23日）賣超前10大個股，依序為友達（2409）5萬2028張、仁寶（2324）3萬4303張、旺宏（2337）3萬3889張、台積電（2330）1萬7558張、華航（2610）1萬6678張、燿華（2367）1萬3251張、定穎投控（3715）1萬27張、緯創（3231）5820張、華東（8110）5817張、宏碁（2353）5763張。",2/23/2026 17:03,自由時報,-0.75,0.8,0.9,0.8,友達股價下跌1.24%，外資賣超逾5萬張,友達反手倒貨逾5萬張，股價青筍筍,友達受外資大提款影響，股價下跌,
金馬年投信狂買電子！這檔外資投信同步掃貨 股價狂噴,"金馬年投信狂買電子！華邦電獲外資投信同步喊買，股價狂噴。（資料照）

〔財經頻道／綜合報導〕台股金馬年開紅盤，在ABF載板、記憶體扮要角，指數漲167點，收33773點新高，雖然投信開紅盤首日轉賣超20.23億元，不過，卻狂買電子股，其中又以華邦電最搶手，不僅居投信買超第1，外資也連2買，今再加碼近2萬張，在外資與投信喊買下，股價一度漲燈，終場收115元，漲9%，成交量達17.24萬張。

投信週一（23日）買超前10大個股，依序為華邦電（2344）4279張、台新新光金（2887）3588張、台玻（1802）2985張、南亞（1303）2736張、欣興（3037）2709張、台積電（2330）2354張、臻鼎-KY（4958）1530張、南亞科（2408）1238張、鴻海（2317）1184張、旺宏（2337）1179張。",2/23/2026 16:40,自由時報,0.9,0.8,1.0,0.8,華邦電股價漲9%，投信買超前10大個股,投信週一買超前10大個股，依序為華邦電（2344）4279張、台新新光金（2887）3588張...,新聞指出投信狂買電子股，華邦電獲得外資投信同步喊買，因此評分為強烈的大利多,
想進台積電等半導體大廠上班 高雄大學開產線實務先修班,"換上無塵衣、走進半導體產線，高雄大學開產業先修班。（高雄大學提供）

〔記者蔡清華／高雄報導〕換上無塵衣、走進半導體產線，親眼看見晶圓製造、電路板與封裝測試實際運作，這樣的學習場景，已成為國立高雄大學企業半導體學程的重要日常，校方攜手台積電、臻鼎科技、華泰電子、日月光等產業夥伴，透過企業參訪與實務導向課程，讓學生在校期間即能接觸產業現場，提早理解半導體產業工作樣貌與分工結構，提早蓄積職場競爭力。

高雄大學校長陳啓仁指出，半導體產業已成為國家關鍵戰略，大學教育除傳授專業知識外，更肩負引導學生認識產業現況與職務樣貌的責任。他表示，高雄大學推動企業半導體學程，重點在於協助學生於學習階段建立對產業實務的正確認知，透過課程設計與企業合作，縮短學用落差，使學習能與實際工作情境有效銜接。

請繼續往下閱讀...

陳啓仁說，企業半導體學程以「晶圓製造—電路板與載板—封裝測試」的完整產業鏈為主軸，整合校內多系所既有課程資源，透過與企業端合作，讓學生在學期間逐步建立產業全貌的理解。

電機工程學系三年級學生李翊菱分享，過去在教室中繪製電路圖時，往往較少思考實際製程的限制，但當企業主管親自拿起實體電路板，說明極小線寬線距與設計取捨時，才真正意識到工程設計在產線中必須面對的現實條件。

高雄大學攜手企業開設半導體學程，學生在校期間即能接觸產業現場。（高雄大學提供）

同為電機工程學系三年級的閻廷宇則表示，換上無塵衣走進產線參觀，並親眼看到 PCB 板實體產品與製程流程，讓原本只存在於教材與實驗中的概念有了具體對照。

高雄大學表示，企業半導體學程以既有課程為基礎，學生修習相關課程後，可依不同企業學程規範，申請企業認列之學程證書，作為學習歷程的重要延伸。",2/23/2026 14:16,自由時報,0.7,0.8,1.0,0.4,高雄大學推動企業半導體學程，與台積電等企業合作,「高雄大學校長陳啓仁指出，半導體產業已成為國家關鍵戰略，大學教育除傳授專業知識外，更肩負引導學生認識產業現況與職務樣貌的責任。他表示，高雄大學推動企業半導體學程，重點在於協助學生於學習階段建立對產業實務的正確認知，透過課程設計與企業合作，縮短學用落差，使學習能與實際工作情境有效銜接。」,該新聞主要是在描述大學與企業合作的教育計劃，強調此計劃的目的在於使學生早日了解產業現況並擁有競爭力。因此，我們得出結論：中立偏向正面（利多）,
金馬年開紅盤》ABF載板、記憶體扮要角 指數收33773點新高,"金馬年開紅盤在ABF載板、記憶體扮要角，指數收33773點新高。（記者田裕華攝）

〔財經頻道／綜合報導〕美國最高法院20日裁定，總統川普去年實施廣泛的全球性關稅無效，台股金馬年開紅盤在南亞科、華邦電、力積電、南電、景碩、欣興等電子股開盤大漲，指數開高漲57.31點，以33663.02點開出，在記憶體、ABF載板、矽智財、光電等電子股開盤勁揚，加上金融與傳產也普遍走揚下，指數開高走高，在台積電買盤進場，股價翻紅來到1935元，再刷天價，指數漲也跟著漲607點，來到34212點，再創新高，不過，在逢高調節釋出，台積電翻黑收跌15元，加上聯發科、宏碁、仁寶、緯創等電子股跳水下，指數漲勢收斂，終場漲167.55點，收33773.26點，雖失守3萬4千點，仍創收盤新高。

前10大成交額漲多跌少，台積電跌15元，收1900元，成交額1331.58億元，排名第1；聯發科跌60元，收1795元，成交額291.17億元，排名第2；台達電漲45元，收1305元，成交額280.62億元，排名第3；南亞科漲11元，收289元，成交額267.01億元，排名第4；欣興以漲停405.5元作收，成交額203.45億元，排名第5。

請繼續往下閱讀...

旺宏漲５元，收103.5元，成交額201.39億元，排名第6；華邦電漲9.5元，收115元，成交額196.17億元，排名第7；鴻海漲1.5元，收228.5元，成交額185.35億元，排名第8；力積電漲3.9元，收67元，成交額172.44億元，排名第9；日月光投控跌5.5元，收349元，成交額138.27億元，排名第10。",2/23/2026 13:48,自由時報,0.8,0.9,1.0,0.4,台股指數創收盤新高,終場漲167.55點，收33773.26點,本新聞標題和內文均顯示股市表現良好，指數創收盤新高,
台積電上榜！外媒點名「這3檔」快抱緊、值得長期持有,"外媒點名3檔值得長期持有的股票。（示意圖，法新社）

〔財經頻道／綜合報導〕市場時常波動，最近的震盪更讓許多投資人重新思考該持有哪一些股票，以及哪些公司能夠經得起時間考驗。投資媒體《The Motley Fool》報導，雖然投資從來沒有絕對保證，但有三家公司憑藉其領先的技術地位，具備長期受惠的優勢，分別是輝達、Alphabet以及台積電，現在值得買進，並長期持有，以下為推薦原因。

1.輝達（NVIDIA）不會消失

許多人正在思考我們是否正處於AI泡沫之中，以及是否還適合買進輝達的股票。在趨勢末端盲目追高確實需要小心，但因為擔心泡沫而完全忽略輝達，可能反而是錯誤決定。原因在於科技公司持續增加對AI資料中心基礎建設的投入，這將推動對輝達處理器的需求。

請繼續往下閱讀...

舉例來說，Alphabet最近宣布將今年的資本支出提高一倍，最高達1850億美元；Meta表示支出幾乎翻倍，資本支出提高至1350億美元；而在幾天後，Amazon也宣布將今年支出提升至2000億美元。這些公司都指出，增加支出是為了擴建資料中心基礎設施與提升AI運算能力。

如果這些還不足以說服你考慮買進輝達，可以再看看估值。目前其本益比約為47倍，僅略高於科技產業平均本益比約43倍。

2.Alphabet（Google母公司）仍有充足成長動能

Alphabet在AI領域的第一個明顯成功產品是Gemini聊天機器人，目前每月活躍用戶已達7.5億人，較9個月前成長 67%。此外，公司近期與Apple達成新的合作協議，將讓Gemini成為下一代Siri的核心人工智慧模型。

這項合作未來幾年將為Alphabet帶來數十億美元收入，並以雲端運算合作形式進行。這些收入將進一步推動Google Cloud的成長。Google Cloud在第四季營收成長48%，達到177億美元。如前所述，Alphabet今年將資本支出翻倍，這將有助於公司在快速變動的AI市場中保持競爭力。對投資人而言，目前Alphabet的本益比僅約30倍，估值相對合理。

3.台積電（TSMC）：無論AI競爭誰勝出都能受惠

台積電是全球領先的半導體製造公司，市佔率高達70%。公司生產業界最先進的晶片之一，良率優於Samsung與Intel，因此常成為科技巨頭製造AI處理器的首選。若你想找一家具備長期競爭優勢的公司，可以參考Morningstar的研究，指出台積電受惠於重大科技趨勢所帶動的自然成長，可能持續數十年。

台積電已經因AI處理器需求大增而受惠。2025年營收成長30%，達1224億美元；每股美國存託憑證稀釋後盈餘成長47%，達10.65美元。公司管理層對未來發展充滿信心，並預估今年銷售額將再成長30%。此外，台積電目前本益比約為34倍，估值也相對合理。",2/23/2026 13:46,自由時報,0.7,0.8,1.0,0.4,台積電受惠於AI處理器需求大增,台積電已經因AI處理器需求大增而受惠。2025年營收成長30%，達1224億美元。,新聞內文提到台積電受惠於AI處理器需求大增，且營收成長預測,
美國台積寶寶誕生逾300名 台灣社群隨產業布局擴大,"美國台積寶寶誕生逾300名。（資料照）

〔中央社〕台積電赴亞利桑那州設廠，帶動台灣人才進駐，駐洛杉磯台北經濟文化辦事處表示，當地已誕生逾300名「台積寶寶」，台灣社群也隨產業布局而逐步擴大。

駐洛杉磯台北經濟文化辦事處今天舉行新春團拜，聯邦眾議員趙美心（Judy Chu）、加州州眾議員方樹強（Mike Fong）等多名民選官員出席。處長紀欽耀向中央社記者表示，台積電赴美設廠以來，台美雙邊貿易合作更加緊密。

請繼續往下閱讀...

駐洛杉磯辦事處不僅服務南加州40萬僑胞，亞利桑那州也是重要轄區，尤其台積電落腳鳳凰城以來，業務量明顯增加。

紀欽耀舉例，台積電外派工程師與家屬到美國之後，首要需求就是辦理駕照。台灣與亞利桑那州有駕照互換協議，台灣駕照必須到辦事處驗證之後，才能向當地監理機關申請亞利桑那州的駕照。

他指出，已有超過300名「台積寶寶」在美國出生，他們也都需要到辦事處驗證出生證明、辦理台灣護照，「我們希望提供台積電人員與眷屬最堅強的後盾，協助他們的生活更便利」。

紀欽耀指出，台積電計畫在美國投資1650億美元，這是美國有史以來規模最大的單一外國投資，也帶動上下游廠商進駐，可望逐漸形成產業聚落，朝向科技園區發展。

他表示，台美關係不斷有重大進展，政府也持續為國人與企業爭取最佳的發展機會；儘管關稅議題一度引發憂慮，但近日簽署「台美對等貿易協定」取得重要成果，使台灣對美經貿互動中保持優勢，在多國對美關係中具領先地位。",2/23/2026 13:12,自由時報,0.6,0.8,1.0,0.4,台積電在美國設廠帶動台灣人才進駐，影響到美國台積寶寶誕生逾300名。,駐洛杉磯台北經濟文化辦事處表示，當地已誕生逾300名「台積寶寶」。,新聞中提到逾300名台積寶寶在美國出生，這表明台積電在美國的影響力正在增加。,
掌握AI新基建商機 中信009819鎖定算力電力雙主題獲准募集,"中國信託投信「中信美國數據中心及電力ETF基金」（009819）已獲准募集（中國信託投信提供）

〔記者李靚慧／台北報導〕生成式AI熱潮蔓延，市場重心已從傳統的交通、水利等「舊基建」，轉移至以算力為核心的「AI新基建」。中國信託投信將推出「中信美國數據中心及電力ETF基金」（009819），鎖定「算力」與「電力」兩大主題，強調在科技巨頭傾全力擴大資本支出的AI軍備競賽中，唯有掌握「大腦」與「心臟」，才能在這場基建革命中拔得頭籌。

中國信託投信表示，若將AI比作人體，數據中心負責複雜的資料處理與運算，扮演著「大腦」的角色；而電力則是支撐所有設施運作的「心臟」，負責提供運算所需的能源，兩者相輔相成，構成AI新基建的主架構。在雲端服務巨頭（CSP）逐年擴大資本支出的背景下，數據中心處於供不應求狀態。由於自建中心曠日費時，企業紛紛轉向外部租用算力，進而帶動相關題材股價表現大幅領先傳統基建股。

請繼續往下閱讀...

除了算力，中國信託投信指出，近期AI使用量大增，但用戶偶爾會遇到「AI幻覺」，也就是算力與傳輸力受限，導致必須降低運算消耗，卻使搜尋與生成結果不如預期、甚至出現錯誤，凸顯AI基礎建設仍跟不上使用需求。雖然AI正從各面向顛覆舊有生活方式，但便利的背後仍須仰賴龐大的網通基建設施，以突破傳輸高牆。因此，009819納入運算與電力，更涵蓋網通技術，確保投資組合能全方位捕捉AI運行的每一環節。

此外，AI強大的「耗電量」正引發一場能源危機。根據統計，單次AI搜尋的耗電量已超越傳統搜尋的20倍，而AI工廠數據中心的耗電量更是傳統中心的30倍以上。中信投信引用美國銀行（BOA）數據指出，在數據中心與機櫃設計趨向緊湊的驅動下，2030年之前美國電力需求將以17%的速度高速成長。目前從電力周邊設備到核心發電裝置，皆已出現供不應求的警訊。

中信投信提醒，相較於股價已處於高檔且散戶持股比例高的「半導體四巨頭」（輝達、台積電、艾斯摩爾以及超微半導體），同為AI革命推手的數據中心及電力企業，目前個人戶持股比重仍相對較低，堪稱市場上的「隱形寶藏」，是另一個值得投資人關注的重點。009819精選營收來自雲端與電力基建的產業龍頭，納入如全球能源設備巨頭奇異維諾瓦（GE Vernova）、網通晶片領頭羊博通（Broadcom）、光通訊新秀邁威爾（Marvell）等潛力群星。",2/23/2026 12:49,自由時報,0.7,0.8,0.9,0.4,中國信託投信推出基金鎖定算力與電力兩大主題，強調AI新基建的重要性,由於自建中心曠日費時，企業紛紛轉向外部租用算力，進而帶動相關題材股價表現大幅領先傳統基建股。,基金鎖定AI新基建的主題，市場重心已從傳統基建轉移至AI新基建，企業紛紛轉向外部租用算力,
台積電迎接AI大爆發 台灣投資建廠「馬力全開」,"台積電迎接AI大爆發，台灣投資建廠「馬力全開」。（資料照）

〔記者洪友芳／新竹報導〕馬年開工，台積電（2330）受惠AI對先進製程與先進封裝產能供不應求，在台灣投資建廠「馬力全開」，半導體供應鏈估計，台積電馬年在北中南三大科學園區建廠中或將動土興建共達10座之多。台積電先進製程獨霸全球，雖加碼投資美國，但美國建廠時程緩慢，供應鏈預期台灣仍是台積電先進製程與先進封裝主要投資量產的重心。

台積電位於竹科寶山晶圓20廠正進行P3、P4廠土建工程，這兩座12吋廠將作為2奈米以下的新世代製程量產基地；中科晶圓25廠將是1.4奈米先進製程生產基地，計畫興建4座廠，去年底已動工基樁工程，2027年底可望展開風險性試產，2028年下半年正式量產。

請繼續往下閱讀...

南科是台積電在台灣大投資擴產的重心，位於高雄楠梓的晶圓22廠是台積電2奈米製程的量產重鎮，P1廠於去年下半年量產，P2廠已完成設備裝機、進入試產，P3廠建築結構已大致就緒，P4廠、P5廠陸續動工興建。預期P1至P5廠可望於2027年第四季全面營運，2奈米聚落進展比預期快。

因應2奈米需求大爆發，台積電擬在台南特定區A區增加投資建2奈米廠，P1廠若四月環評通過，可望五月開始動工建廠，不過，供應鏈廠商認為，台南特定區目前屬於台南市政府管轄的範圍，市政府行政效率對建廠時程較會有變數。

此外，南科三期也有二座CoWoS封裝廠待興建，嘉義園區先進封裝新廠也可望開始動工，屏東科學園區的半導體供應鏈傳出預計年中將動工建廠。 台積電擴產需求旺，預期帶動廠務工程今年營運也將續成長。

美國聯邦最高法院日前裁定總統川普不得依據《國際緊急經濟權力法》（IEEPA）課徵關稅後，面對高等法院裁定對等關稅無效後，川普宣布改採《1974年貿易法》第122條對全球課徵為期150天的10%暫時性關稅，市場評估此對半導體等產業影響有限。台積電先進製程獨霸全球，雖加碼投資美國，但美國建廠時程緩慢，供應鏈預期台灣仍是台積電先進製程與先進封裝主要投資量產的重心。",2/23/2026 9:19,自由時報,0.8,1.0,0.9,0.4,台積電迎接AI大爆發，台灣投資建廠『馬力全開』,台積電在北中南三大科學園區建廠中或將動土興建共達10座之多。,,
川普關稅升至15% 台股今開紅盤不悲觀,"台股封關期間，台積電ADR累計上漲2.38％，美國四大指數多數下跌，但費城半導體指數上漲1.89％，有利台股馬年開紅盤行情。（中央社資料照）

美股上週五收紅、台積ADR大漲 顯示市場反應鈍化 台股有望再戰新高

〔記者卓怡君／台北報導〕美國川普關稅再掀風波，為台股金馬年開紅盤增添新的變數，法人指出，由於封關期間台積電ADR累計上漲二．三八％、富時台灣指數上漲二．六四％，川普關稅遭美國最高法院駁回後，美股上週五收紅，台積電ADR大漲二．八二％，顯示市場以「鈍化處理」回應，並未將關稅紛擾視為系統性衝擊，台股今日開紅盤有望展開一波補漲行情，甚至有機會首度挑戰三萬四千點大關。

川普對等關稅遭美國最高法院判決違憲，川普大怒反擊，一連將全球關稅從十％再調高至十五％，且立即生效，並預告將祭出更多疊加關稅，對國際股市帶來新的變數。

請繼續往下閱讀...

不過根據統計，台股封關期間，台積電ADR累計上漲二．三八％，美國四大指數多數下跌，但費城半導體指數上漲一．八九％，有利台股馬年開紅盤行情；台股封關期間美股以記憶體、矽光子、半導體設備相關個股表現最強。

近10年開紅盤後 20天平均漲逾2％

另外，統計台股近十年開紅盤當天上漲機率是七成、平均漲幅〇．五七％。群益投信台股研究團隊表示，近十年台股農曆年開紅盤後五日、十日、十五日、二十日平均漲幅為二％、二．五六％、三．一四％、二．五八％，均呈正報酬，顯示年後資金歸隊意願提升，紅包行情可期。

主動群益台灣強棒經理人陳沅易指出，對今年電子產業獲利成長保持樂觀，在AI影響力持續擴大下，中長線而言，台股基本面有支撐；農曆年後在紅包行情預期下，台股量能可望進一步增溫。

法人分析，本次判決雖限制IEEPA（國際緊急經濟權力法）路徑，但不代表整體關稅政策風險完全消失，川普陣營後續仍可能改採其他具明確授權的法律工具（例如二三二、三〇一條款）推動其關稅政策；目前市場反應偏向溫和正面，並持觀望態度，若後續關稅負擔實質下降，將有助企業成本與商品通膨壓力緩解，對全球化與科技成長股相對有利，但在退稅與替代政策未明前，市場短線仍以區間震盪為主。",2/23/2026 5:30,自由時報,0.6,0.8,0.9,0.4,台股開紅盤機率增加,統計台股近十年開紅盤當天上漲機率是七成、平均漲幅〇．五七％。,"市場反應鈍化，川普關稅遭美國最高法院駁回後，美股上週五收紅，台積電ADR大漲二．八二％，顯示市場以 ""鈍化處理"" 回應，並未將關稅紛擾視為系統性衝擊。",
〈財經週報-時事求是〉馬年開紅盤,"只要美國經濟維持成長及全球AI建設持續接力，台股馬年還是令人期待。（資料照）

■魏錫賓

在春節假期，主要國家股市漲跌互見，但幅度都有限，而新加坡交易所掛牌的台灣股市期貨則先行走高，使投資人對開紅盤寄予厚望。假期結束前，雖有美國最高法院裁定對等關稅無效，以及美國總統川普改依1974年貿易法課徵15%進口關稅的變數，卻未引起太多意料之外的紛擾。AI帶動的產業革命，還是馬年股市的重心。

農歷年假期減少了7個交易日，可是在此期間，主要國家股市的走勢尚稱平穩，美、日、英、德等國股市即使有振盪，大盤前後升降卻多在1%之內，沒有出乎意料的巨幅漲跌。在總體經濟方面，在2月13日公布的美國1月消費者物價指數（CPI）及核心CPI指數分別為2.4%、2.5%，仍算溫和，而2月20日公布的第四季經濟成長率初估值為1.4%，仍不脫聯準會（Fed）公開市場委員會（FOMC）在2025年12月的預測，加上接近長期預測的失業率；整體而論，美國經濟大勢近日並無震驚市場的變動。

請繼續往下閱讀...

美國總統與關稅雖仍是金融市場波動的來源，可是經濟穩定的表現，壓制了股、匯市起伏的強度。不是每個國家的經濟都會隨著穩定的美國往前走，然而AI帶動的商機，主要是由美國大廠扛起，而台股前5大市值公司台積電（2330）、台達電（2308）、鴻海（2317）、聯發科（2454）及日月光投控（3711）都在AI核心供應鏈中，合計超過總市值的5成；只要美國經濟維持成長，台股當有基本面撐持。

在AI帶動下，台積電營收狂飆，已連續2年都成長超過30%，在先進製程產能大擴充下，2025年3、5奈米合計已占營收的6成。AI資料中心的大規模建設，使高效能運算（HPC）的需求飆升，台積電代工晶片的價量齊揚，不僅毛利走高且銷量增加，也成為電子產業被AI發展拉抬的先鋒。

AI建設對高階零組件的需求提高，因其單價也高，利潤較為豐厚，居於電子產業領先地位的廠商優先增加這方面的產能，並列為擴產的核心，造成產能排擠，也使得較低階產品的供應連帶的吃緊。一般廠商的產能利用率提高、甚至滿載後，因擴廠需要時間，若一時無法供給市場需求，缺貨潮就來了。

2025年的記憶體廠股價飆漲，是這一波缺貨潮的代表作，由規格升級帶動的「結構性缺貨」，在馬年有機會延續，但不是每一種產業的生產技術、擴產擴廠難度都一樣，也不是每一廠商都能得利，不能忽略缺貨潮有真有假，且時間有長有短。

由台積電及業界釋出的訊息可以發現，2026年應還是半導體產業營收與獲利很好的一年，只是部分漲多的個股，股價若要繼續向上，可能必需2027年也要很好。現實是：對等關稅退場了，可是關稅戰沒有離開；但對台灣而言，只要全球AI的建設持續接力，馬年的台股還是令人期待。",2/23/2026 5:30,自由時報,0.6,0.8,0.9,0.4,台股馬年仍有希望，AI帶動產業革命將持續接力,美國經濟穩定，全球AI建設持續接力，台積電營收狂飆,分析師認為，只要美國經濟維持成長，台股當有基本面撐持。且台積電等AI核心供應鏈公司的表現良好,
學者︰速簽協定 勿挑戰川普耐心,"台美於二月十二日簽署台美對等貿易協定，學者認為，該協定是目前台灣最好的選擇。（資料照，行政院提供）

連賢明︰ART已是眼下最好的選擇 如未來面對301條款處境恐更糟

〔記者張慧雯／台北報導〕美國聯邦最高法院裁定對等關稅違憲後，美國總統川普宣布對全球課徵十五％的暫時性關稅。包括中經院院長連賢明、台新新光金控首席經濟學家李鎮宇、元大投顧董座胡睿涵等專家學者都認為，台美對等貿易協定已是眼下最好的選擇，如若反悔，未來面對三〇一條款處境恐變得更糟。

連賢明昨日指出，如果因為這個判決，台灣就決定重談對等關稅協定（ART）或不簽署協議，以目前台灣對美順差近一六〇〇億美元、排名美國第四大逆差國，三〇一條款要成立真的不是太困難；許多人對這次台美對等關稅不滿意，想測試一下川老大的耐心，到時候說不定會有不一樣的「驚奇」。他表示，到時候稅率要怎麼走，就看川普的一念之間，「很多時候，過了這個橋，就沒有那個店」。

請繼續往下閱讀...

李鎮宇日前已呼籲，不要以為對等關稅援用國際緊急經濟權力法（IEEPA）被否決，台灣就可以對美國食言，因為川普的貿易戰戰略升級，從「行政命令」轉向「法律制度化」，手段將更持久，現在不趕快簽署台美對等貿易協定，風險反而更大；昨日他進一步剖析，對台灣傳統產業來說，優勢的確較原先降低，須警惕競爭力流失，且防範後續調查。

胡睿涵則分析，先前簽署的「台美對等貿易協定」對等關稅降為十五％，不疊加最惠國關稅，對台灣來說，十五％關稅變成「天花板」，再加上「雙邊貿易協議保護」兩千多項的產品取得豁免；相較之下，對其他還沒簽協議的國家來說，十五％關稅則是「地板」，因為三〇一條款還可加碼到二十五％。

全球15％關稅 半導體不受影響

傳產優勢降低 需助強化競爭力

她也說，全球新關稅調高至十五％，但台積電等高階半導體是在二三二條款架構下的戰略產業，取得關稅豁免，短期無影響；至於傳統產業方面，政府則需思考「如何協助拉高其附加價值」、增強傳產對外競爭力。",2/23/2026 5:30,自由時報,-0.7,0.9,0.8,0.4,台美對等貿易協定是目前台灣最好的選擇,"「台美對等貿易協定已是眼下最好的選擇，如若反悔，未來面對三〇一條款處境恐變得更糟。""",學者認為台美對等貿易協定是目前台灣最好的選擇,
〈財經週報-投資趨勢〉超越美國解鎖亞洲 構築「全維度」AI科技成長機遇,"台灣政府對半導體的稅收優惠與研究資助，造就台積電，這種結構性紅利正逐步延伸至亞太其他科技聚落。（歐新社）

■艾力克斯·特瑞梅爾（Alex Treves）

更多元的經緯度中尋找機會

在全球金融市場的演進中，科技產業始終是驅動股市成長的火車頭。然而，進入2026年，資產管理界正迎來一場深刻的思維革命。當前的科技投資規則正在翻新，這不僅僅是個別標的的挑選，更是一場空間維度的地理競逐。不應只在熟悉的領土徘徊，而應攤開亞太經貿地圖進行全方位的橫向探索，從半導體的硬核基石，一路追蹤至數位經濟的擴張。

請繼續往下閱讀...

市場現況：當「過度聚焦」成為風險

長期以來，投資人的科技配置高度集中於美股S&P 500。根據統計至2025年底資訊顯示，資訊科技已占S&P 500市值的35%，遠遠超第二大產業金融業的13%。

1.估值泡沫的警示訊號：包括OpenAI執行長Sam Altman與摩根大通（J.P. Morgan）執行長Jamie Dimon在內的業界重磅人物，近期皆對AI企業的估值發出預警。這反映在市場表現上：儘管美股科技股在2025年漲勢驚人，但近期已出現「原地踏步」與「個股間表現分期」的停滯跡象。

2.亞洲市場的相對優勢：相較於美股的高溢價，亞洲科技板塊展現了更佳的韌性。MSCI亞太（不含日本）指數2025年指數報酬率20.70%顯著優於美國S&P500的16.39%。這證明了當投資人願意「打開地圖」探索新區域時，往往能發現定價更具吸引力的投資機會。

亞洲是半導體製造與 AI供應鏈的基石

在泛亞太這張地圖上，最關鍵的因素是亞洲在過去30年中崛起成為全球半導體產業的主力。根據統計，目前亞洲已掌握全球約四分之三的半導體產能。

科技投資的地理座標不只在台灣。韓國的三星電子與台灣的台積電（2330）、鴻海（2317）、聯發科（2454）共同構築了全球 AI發展的物理基礎。「台積電是亞洲高科技產業的標竿，其技術與產能支撐了目前所有熱門的美國AI設計商。」

其中台灣政府自1980年代起對半導體的稅收優惠與研究資助，造就了今日高資本回報與高競爭門檻的優勢。這種結構性紅利正逐步延伸至亞太其他科技聚落。

跨越疆域挖掘數位經濟與科技技術利基

當我們將視角進一步推進，會發現亞太地區的科技機會正呈現「多點開花」的態勢：

數位經濟與AI模型的平行進化：亞洲的網路巨頭如騰訊、阿里巴巴與網易，正積極佈局先進數據中心與生成式AI模型。這是一場足以與美股科技大廠抗衡的新戰場，提供了投資人在硬體之外，參與亞洲數位消費與服務轉型的契機。

隱形冠軍的全球滲透：以元太科技（E-Ink）為例，該企業在電子紙領域近乎壟斷，應用範圍更跨越國界，從Kindle電子書延展至全球最大零售商沃爾瑪（Walmart）的數位轉型藍圖中。這正是透過「地理維度探索」才能挖掘到的利基型科技機會。

什麼2026年值得佈局亞洲？

施羅德投資團隊認為，當前亞洲地區具備了支持「地理擴張」的四大宏觀條件：

1.成熟與新興的完美互補： 佈局亞洲能同時掌握高科技產業成熟市場（如：台、韓、日）難以撼動的高階技術競爭力，以及新興市場（如印度、東協）的人口紅利與增長動能。

2.估值相對合理：亞洲多數市場的估值與自身歷史相比仍處於「合理價格」區間，在美股泡沫疑慮未消之際，提供了另一個投資視角。

3.宏觀紅利支撐：2025年美元轉趨弱勢與美國降息循環，對台灣及亞洲等出口導向經濟體是重大利多，能有效緩解企業成本並推升估值。

4.主動管理的超額報酬：外商資產管理公司透過全球化專業分工，進行深度個別區域與產業研究，並進行橫向跨國之間的比較利益分析，能跨越語言與市場透明度的障礙，在廣大的亞太地圖中精準捕捉「高品質且面向未來」的標的。

構築具備全景視野的投資組合

科技投資的本質在於對未來的預判，而未來的增長點絕不限於單一經緯。2026年的科技投資策略，應從「單點選股」轉變為「全域佈局」。透過解鎖亞太地圖的迷霧，將投資座標從台美兩地延伸至整個泛亞太區，投資人將能構築出一個更具韌性、更具全面性增長潛力的科技投資組合。這不僅是一場避開泡沫的戰術移動，更是一場擁抱全球科技新大陸的戰略壯遊。

（作者為施羅德投資亞洲股票投研團隊主管）",2/23/2026 5:30,自由時報,0.8,1.0,0.9,0.4,新聞文章認為台積電受益於政府對半導體的稅收優惠與研究資助，這種結構性紅利正逐步延伸至亞太其他科技聚落。,台灣政府自1980年代起對半導體的稅收優惠與研究資助，造就了今日高資本回報與高競爭門檻的優勢。這種結構性紅利正逐步延伸至亞太其他科技聚落。,文章認為政府政策對台積電產生了正面影響，這將會帶來長期穩定的收益和增長機會，證券分析師應該考慮調整自己的投資策略以便利用這種紅利,
〈財經週報-台股熱點〉封測族群營運逐季加溫 股價可望登高,"封測股2025年營收與EPS

記者洪友芳／專題報導

受惠AI與ASIC（客製化晶片）客戶需求，日月光投控（3711）、京元電（2449）看好今年營運將持續成長，並因應客戶需求，積極展開擴產，這代表未來成長動能可期，法人預估日月光投控全年營收將年增雙位數，京元電則年增3到4成。

AI帶動日月光投控去年先進封測營收達16億美元，預計今年AI應用將更普及，加上半導體市場全面復甦，先進封測挹注營收將進一步翻倍至32億美元，其中約75%來自先進封裝、25%來自高階測試。

請繼續往下閱讀...

因應先進封測產能供不應求，日月光投控規劃今年增加15億美元投資擴產。法人估算今年日月光投控資本支出將達70億美元，創歷史新高。法人認為，日月光設定先進封測營收目標顯得保守。不過，先進封測將有助該公司毛利率上升。

法人指出，台積電（2330）先進封裝CoWoS產能不足，AI客戶之外，ASIC客戶無法獲得滿足，產能外溢到日月光投控，預估該公司先進封測營收在2024到2027年間，年複合成長率將達126％，營收占比將從去年的9％，上升至今年的17％，2027年將達24％。外資對日月光投控最新目標價介於330元至400元之間。

京元電因應產能擴充需求，董事會已通過資本支出達393.72億元，高於去年的370億元，創歷史新高；該公司於去年10月承租楊梅廠，預計今年投產，銅鑼廠區也擬擴產，並還在覓地中，顯見AI GPU、HPC及ASIC測試需求旺，京元電產能供不應求。

法人指出，隨著電子產品半導體含量逐漸增加，且晶片設計複雜度越來越高，測試更加有其必要性，時間也拉長，不僅測試平台升級，帶動測試單價上升，京元電主要客戶除了輝達之外，還包括聯發科（2454）等眾多客戶，受惠AI晶片強勁需求，預估該公司今年營收將年增逾3成。外資目標價從逾350元到400元不等。

日月光蛇年封關股價收354.5元，較龍年封關日的177元上漲1倍；京元電蛇年封關收313.5元，較龍年113.5元收盤價漲幅1.76倍。預期進入馬年，隨著日月光、京元電營運逐季加溫，股價可望進一步登高。",2/23/2026 5:30,自由時報,0.7,0.8,0.9,0.4,預計日月光投控及京元電營收成長,日月光投控全年營收將年增雙位數，京元電則年增3到4成,文章中提到受惠AI與ASIC客戶需求，兩家公司今年營運將持續成長，並因應客戶需求，積極展開擴產。,
紐時：拜登川普接連出招 美國仍難擺脫對台晶片依賴,"（中央社紐約24日綜合外電報導）「紐約時報」今天刊登長文指出，從拜登到川普，美國兩屆政府力圖擺脫對台灣晶片的高度依賴，但成效有限。在AI成為成長引擎之際，台灣對美國經濟存亡顯然至關重要。

台灣生產全球9成高階電腦晶片，美國財政部長貝森特（Scott Bessent）上個月曾在瑞士達沃斯（Davos）世界經濟論壇（WEF）表示：「如果這座島嶼被封鎖、產能被毀，將是一場經濟末日。」

據紐時報導，2022年，在時任總統拜登（Joe Biden）政府官員的鼓勵下，半導體協會（Semiconductor Industry Association）曾委託撰寫一份機密報告，其內容指出，若台灣晶片供應中斷，將造成自1930年代經濟大蕭條（Great Depression）以來最嚴重的經濟危機。

根據這份報告，屆時美國經濟產出將重挫11%，是2008年金融危機的兩倍；中國經濟產出則會下滑更嚴重，多達16%。許多美國大型科技公司頂多只能靠庫存半導體產品運作數個月，隨後就會停擺。

川普（Donald Trump）重掌白宮後，則以關稅施壓科技公司向美國工廠採購更多晶片，推動美國國產晶片發展。根據國際半導體產業協會（SEMI），美國到2030年將投入2000億美元建設半導體廠房，足以讓晶片產能提升5成。

然而台灣、中國及其他國家也砸下鉅資建廠，到2030年，美國只會占全球半導體生產的10%，幾乎跟2020年美方呼籲變革時相當。

紐時指出，矽谷長期忽視隱隱逼近的台灣晶片災禍。

2021年，時任美軍印太司令戴維森（Philip Davidson）對國會說，中國國家主席習近平要軍隊在2027年前做好犯台準備；拜登的國安顧問蘇利文（Jake Sullivan）也將美方依賴台灣半導體，列為美國最大弱點之一。但業界對於調整供應鏈仍感遲疑。

2021年秋天，白宮亦曾召集半導體企業高層前往華府，進行一場關於台灣的機密簡報。消息人士說，時任英特爾（Intel）執行長季辛格（Pat Gelsinger）及其他公司高層進入簡報室，聽取官員警告說，一旦發生封鎖或入侵，晶片製造可能停擺。

企業高層則抱持懷疑態度，質疑為何習近平要冒著重創中國經濟的風險出手。

為降低對台灣晶片的依賴，拜登政府推出「晶片法」（CHIPS Act），挹注逾500億美元用於補助半導體投資與設廠，吸引台積電等科技企業在美國擴廠。但美製晶片的成本高於台灣，技術卻落後台灣，導致客戶不願下訂單支持美產晶片。

川普重掌白宮後則以關稅大刀施壓。紐時引述兩名知情人士指出，川普首度邀請輝達（Nvidia）執行長黃仁勳進橢圓形辦公室（Oval Office）會晤時就坦言，計劃對半導體加徵關稅，因為在台灣製造有風險。

知情人士並聲稱，黃仁勳與台積電董事長魏哲家討論彼此困境後，兩人同意的解決之道是，輝達加碼採購亞利桑那州廠製造的晶片，助台積電興建更多工廠。數週後，魏哲家告訴美國商務部長盧特尼克（Howard Lutnick），台積電將加碼投資美國並增設新廠。

去年10月，黃仁勳飛往亞利桑那州鳳凰城（Phoenix），參觀做出輝達第一顆美製人工智慧（AI）晶片的台積電工廠。黃仁勳稱這是「歷史性的一刻」，但他沒說的是，這顆晶片必須送回台灣廠封裝。

紐時指出，如今尤為明確的是，台灣對美國經濟存亡至關重要，特別是在AI成為美股及經濟成長引擎，得靠台灣製造的晶片之際。（編譯：楊昭彥）1150224",2/24/2026 23:56,中央社,0.6,0.8,0.9,0.4,美國仍難擺脫對台晶片的高度依賴,,,
台積電價量再創新猷散戶搶進　法人：挑戰2000元新天價,"台股
證券
台積電價量再創新猷散戶搶進　法人：挑戰2000元新天價
2026/2/24 18:50
圖為台股示意圖。(中央社檔案照片)
（中央社記者鍾榮峰台北24日電）台積電股價今天大爆發，盤中急拉，最高觸1975元，大漲75元，創歷史新天價，終場收1965元，漲65元，創收盤新高。法人分析，市場看好台灣半導體、伺服器、設備與高階製程為主的人工智慧（AI）硬體供應鏈，台積電短線挑戰2000元新關卡。
根據台灣證券交易所統計，台積電今天收盤市值衝上新台幣50.95兆元新高，帶動上市公司總市值衝上歷史新高113.1兆元。台積電占上市公司權重達45.05%，台積電今天收漲65元，對加權指數貢獻達517點。
據統計，台積電單一個股今天成交值達864.1億元，占台股集中市場成交值8618.09億元比重10.02%。除了外資終結連2賣、今天加碼台積電6887張助攻外，投信今天也敲進台積電1492張，投信連13買。
除了法人，散戶也勇於搶進台積電零股交易，根據統計，台積電今天盤中零股成交金額達37.39億元、成交筆數7.86萬筆，均位居個股第1；盤後零股交易成交筆數1869筆、成交金額達1.19億元，均位居個股盤後零股交易首位。
台積電受惠人工智慧（AI）對先進製程及先進封裝需求強勁，1月營收創下歷史新高，達到新台幣4012.55億元，台積電預期，今年營運可望持續強勁成長，美元營收將成長接近30%。
台積電先前在1月法人說明會中指出，AI市場近期發展情勢非常正向，2025年AI加速器營收比重達17%至19%。（編輯：楊凱翔）1150224
台股
外資連2日賣超近500億元　元大台灣50遭減碼逾10萬張
2026/03/02 19:06
台積電ADR漲逾4%　投顧：台股關注關稅及輝達財報
2026/02/25 08:35
台積電列證交所注意股　鉅額交易1筆20張均價2073.3元
2026/02/24 21:36
台積電價量再創新猷散戶搶進　法人：挑戰2000元新天價
2026/02/24 18:50
外資寫史上第4大買超　三大法人同步加碼836億元
2026/02/24 17:02
三大法人買超台股836.85億元
2026/02/24 15:22
外資寫史上第4大買超　三大法人同步加碼836億元",2/24/2026 18:50,中央社,1.0,0.9,0.95,0.8,台積電股價大爆發，創歷史新高,台積電今天收盤市值衝上新台幣50.95兆元新高，帶動上市公司總市值衝上歷史新高113.1兆元。,市場看好台灣半導體、伺服器、設備與高階製程為主的人工智慧（AI）硬體供應鏈，台積電短線挑戰2000元新關卡。,
宏碁創辦人施振榮挑戰實境秀 盼持續為台灣創造價值,"（中央社記者洪素津台北24日電）宏碁創辦人施振榮首度挑戰實境秀「下半場練習生」，他在記者會上分享自己退休22年仍忙碌，「我沒有從社會退休，會持續投入有價值、有意義的事情，為台灣未來創造新價值。」

實境秀「下半場練習生」主持人許琡婷今天和名人練習生施振榮夫婦、周丹薇、涂阿玉一同現身節目「下半場練習生」第2季揭幕記者會，施振榮夫婦、周丹薇、涂阿玉皆參與節目錄製，分享自己的人生。

施振榮曾長期擔任台積電董事，退休至今22年。他透露，雖沒有公司經營壓力，卻依然十分忙碌，稱自己是「不愛待在舒適圈的人」，未來會持續投入有價值、有意義的事情，希望為台灣未來創造新價值，並從中獲得成就感，也保持創業者的熱情與行動力，強調創造價值、利益平衡與永續經營。

今天台積電股票持續大漲，施振榮被問及對於台積電股票的看法，他說：「我不管這個，股票對我來說是不動產，我不會去賣股票，主要是要拿股利。」至於有幾張台積電股票，他霸氣回答：「我不曉得我有幾張，很多張就對了。」

施振榮表示，退休後將健康視為首要課題，每日走路與體能訓練，維持精神與體力。談到生活節奏，他幽默分享，過去經營企業時從不需要趕銀行「3點半」，沒想到退休後反而天天趕「晚上7點半」，因為一有空就忙著看戲、聽音樂會、看表演，生活更加充實豐富。

談及與太太攜手走過的人生下半場，他滿懷感謝，從創業到退休妻子始終陪伴支持，如今兩人一起運動、觀賞藝文演出、與家人團聚，享受平凡卻踏實的幸福。他強調：「我沒有從社會退休。」在他看來，退休只是轉換舞台，持續貢獻與創造價值，才是下半場真正的意義。

資深演員周丹薇以「幸運」形容自己走過的人生階段，事業高峰時選擇回歸家庭為人母親，9年間歷經14次試管嬰兒療程，讓她學會不強求，也更理解身體的脆弱與極限。

她在63歲重返校園，完成戲劇系碩士學位，並在導演李行鼓勵下重新認識自己與演員這份職業，盼在人生下半場活出自信與愛。

在高爾夫領域深耕多年的涂阿玉，是台灣最具代表性的女子職業高爾夫球員之一，在1974年至2005年間共奪下114座冠軍，並7度榮登日本女子職業高爾夫巡迴賽獎金后。

此外，涂阿玉於1986年於馬自達日本菁英賽封后，成為首位贏得美國女子高爾夫巡迴賽冠軍的台灣選手。談及人生下半場，她直言：「回頭看人生沒有遺憾。」

透過 Google News 追蹤中央社

涂阿玉認為，退休後能做自己想做的事是一種自在，長年運動訓練培養的紀律與專注，使她面對人生轉折時更看得開，盼透過節目傳達坦然與感恩的態度，「前半段都能熬過，後半場更要用感恩之心過好每一天。」

公視台語台「下半場練習生」第2季於27日起，每週五晚間9時於公視台語台首播；播出1小時後於DAY DAY台語台YouTube頻道上線；7天後於公視+平台上架。（編輯：龍柏安）1150224",2/24/2026 18:54,中央社,-0.2,0.4,0.9,0.8,施振榮在實境秀中談及退休後的生活,施振榮表示，退休後將健康視為首要課題，每日走路與體能訓練，維持精神與體力。,施振榮的話語表達了他對於新的一章生活的期待和重視健康。,
台股飆漲927點創新高 新台幣震盪小升收31.461元,"（中央社記者潘姿羽台北24日電）無畏美國關稅變數、美股下挫，台股今天創新高，吸引熱錢大量湧入，不過投信、壽險美元買盤同步進場，匯價陷入拉鋸，新台幣兌美元僅震盪小升，收盤收在31.461元，微升0.1分，台北及元太外匯市場爆出29.71億美元的巨量。

美國關稅不確定性再起，美股23日全面收黑，道瓊工業指數更重跌821.91點，美元指數應聲走揚。

美國關稅政策生變，台股依舊氣勢如虹，今天在台積電、台達電等權值股領軍下，開高走高，盤中大漲逾千點，最高衝上34786.42點，終場大漲927.56點，收在34700.82點，盤中與收盤指數雙創歷史新高。

台股漲勢銳不可擋，吸引熱錢流入，三大法人今天同步買超，其中外資大買627.33億元，創歷來單日買超第4高金額。

台股強勢攻高，新台幣匯率卻未見猛烈升值，今天以31.45元開盤後一度翻貶，盤中最低為31.495元，隨著台股狂漲，匯價翻揚，但最高僅升抵31.418元，而後因買賣雙方勢均力敵，呈現震盪整理，由於交投火熱，兩大外匯市場合計爆出近30億美元的巨量。

外匯交易員直言，今天外資匯入力道相當強勁，但壽險、投信積極進場敲進美元，雙方你來我往，導致升勢不如預期強勁，匯價續於31.5元關卡附近震盪。

外匯交易員認為，外資大舉買超台股，明天匯入力道應可延續，不過228和平紀念日連假將至，本週應不至於出現足以突破區間的強勁動能，預估續於31.4元至31.65元之間波動。

外匯交易員指出，短線而言，新台幣走勢仍看台股臉色，只要台股繼續上漲，外資匯入就能為新台幣提供支撐，但須提防美國總統川普的高度政策不確定性，如果連假期間發生重大轉折，金融市場也可能風雲變色。（編輯：楊蘭軒）1150224",2/24/2026 17:37,中央社,0.8,1.0,0.9,0.8,台股創新高大漲927點,台股今天創新高，吸引熱錢大量湧入，大漲逾千點，終場大漲927.56點。,台股強勢攻高，外資買超627.33億元，新台幣匯率震盪小升,
台股大漲927點收34700點 改寫多項新紀錄,"（中央社記者曾仁凱台北24日電）不畏美國道瓊工業指數重跌821.91點，台股今天在台積電、台達電等權值股領軍下，逆勢開高走高，盤中大漲逾千點，最高衝上34786.42點。集中市場指數終場大漲927.56點，收在34700.82點，盤中與收盤指數雙創歷史新高，成交值新台幣8370.68億元。

台股漲勢銳不可擋，從農曆蛇年封關前到馬年開紅盤，集中市場指數已連續4個交易日打破歷史新高紀錄。

台股今天再度創下多項新紀錄，除了台股盤中及收盤指數雙創新高外，包括今天盤中最大漲點1013.16點、收盤漲點927.56點，皆為歷史第2大單日漲點，僅次於2025年4月10日盤中和收盤漲點的1632.71點及1608.27點。

此外，台股2月23日上市公司總市值達110兆841億元，創下歷史新高，今天再進一步創高至113兆992億元新紀錄。

根據台灣證券交易所統計，今天三大法人同步站在買方，合計買超836.85億元。其中，外資及陸資（不含外資自營商）今天買超627.33億元，為歷史第4大單日買超；投信、自營商今天分別買超56.03億元和153.49億元。

3大權值股今天股價全部收紅，權值雙雄台積電、台達電今天分別大漲65元及80元，攻上1965元及1385元歷史新天價，成為今天台股狂飆的最大功臣。

台積電今天終場大漲3.42%，收1965元，貢獻台股漲點約540點；台達電今天漲幅6.13%，收全日最高價1385元，貢獻台股漲點約68點；鴻海今天上漲3.5元或1.53%，收232元。

高價千金股方面，股王信驊今天震盪收平盤9755元；竑騰終場攻上漲停1005元，台股今天創下「34千金」新紀錄。觀察竹陞、漢唐、華城、高力、旭隼收盤價皆在900元以上，預期台股千金股陣容不排除可望進一步壯大。

AI效應外溢下，具缺貨漲價題材的PCB族群今天股價漲勢凶猛，南電、景碩、欣興、華通、燿華、榮科、泰鼎-KY等今天收盤股價都攻上漲停板。

被動元件族群同樣表現強勁，國巨大漲19.5元或6.93%，收301元，飛越300元大關；華新科亮燈漲停攻上149元。（編輯：張良知）1150224",2/24/2026 15:22,中央社,1.0,0.9,1.0,0.8,台股大漲927點收34700點,集中市場指數終場大漲927.56點，收在34700.82點,台股連續4個交易日打破歷史新高紀錄，3大法人同步站在買方,
台股大漲927點收34700點連4日創高 台積電收1965元續寫天價,"（中央社記者曾仁凱台北24日電）台股今天在台積電、台達電等權值股領軍下，開高走高，盤中大漲逾千點，最高衝上34786.42點。集中市場指數終場大漲927.56點，收在34700.82點，盤中與收盤指數雙創歷史新高，成交值新台幣8370.67億元。

台股今天盤漲點創下歷史次高，僅次於2025年4月10日。從農曆年前到年後，集中市場指數已連續4個交易日打破歷史新高紀錄。

3大權值股全部收紅，台積電終場大漲65元或3.42%，收在1965元，續創新天價，台達電上漲80元或6.13%，收1385元，同樣改寫新高；鴻海上漲3.5元或1.53%，收232元。（編輯：張均懋）1150224",2/24/2026 13:45,中央社,0.95,0.85,0.9,0.8,台股大漲927點收34700點連4日創高,集中市場指數終場大漲927.56點，收在34700.82點，盤中與收盤指數雙創歷史新高,由於台股連續四天打破歷史新高紀錄，且三大權值股全部收紅，尤其是台積電的價格大漲65元或3.42%，再次創新天價,
台美關稅協議 調查：48%民眾認對GDP與股市影響正面,"（中央社記者蘇思云台北24日電）國泰金發布2月國民經濟信心調查結果，針對2026台美關稅協議對台灣國內生產毛額（GDP）與股市影響，調查顯示，48%民眾認為關稅協議對GDP與股市皆有正面影響；其次13%預期對GDP有負面影響，但對股市正面；另13%認為對GDP與股市皆有負面影響。

國泰金今天發布2月國民經濟信心調查結果，時事題詢問2026台美關稅協議對台灣GDP與股市影響的預期。對台股指數影響大小，調查顯示，3成民眾認為有部分推升效果，介於500到1000點，其次27%認為有小幅推升效果，介於0到500點。

至於目前協議對台灣最可能產生的影響，調查顯示，41%民眾認為有助提升半導體產業國際競爭力，另16%民眾認為有助提升傳統產業國際競爭力，但有19%民眾擔憂造成部分產業外移及就業機會變少。

調查指出，民眾景氣展望樂觀指數與消費意願回升，包括大額消費意願指數上升至14.2，耐久財消費意願指數回升至負7.6。

調查顯示，市場對AI前景樂觀看待，且台積電財報及展望大幅優於預期，加上台灣對等關稅下降至15%，台股1月明顯走揚，但波動加大。調查顯示，民眾對台股樂觀指數下降至31.5，風險偏好指數上升至25.4，顯示股市大漲後，民眾看法轉趨謹慎。

透過 Google News 追蹤中央社

總體經濟部分，調查顯示，民眾對2026年經濟成長率的平均預期值為3.16%、2026年平均通膨預期值為2.19%，整體來看，61%預期今年經濟成長率高於3%，54%預期通膨高於2%。

國泰金2月國民經濟信心調查於今年2月1日至7日進行，針對國泰人壽官方網站會員及國泰世華銀行客戶發出電子郵件問卷，並回收共1萬4322份有效填答問卷。（編輯：林家嫻）1150224",2/24/2026 9:15,中央社,0.48,0.8,1.0,0.4,台股有部分推升效果,調查顯示，3成民眾認為有部分推升效果，介於500到1000點,根據國泰金2月國民經濟信心調查結果，48%民眾認為2026台美關稅協議對GDP與股市皆有正面影響,
避違規貨車成植物人 台積電工程師獲賠4480萬元,"（中央社記者郭宣彣新竹縣24日電）竹縣張姓貨車司機違規跨越雙黃線，致台積電施姓工程師騎機車閃避不及撞上，重傷成植物人；民事部分，施男家屬求償9088萬元，新竹地院判決張男連帶雇主賠償共4480萬元。

新竹地方法院11日民事判決書指出，張男受僱駕駛大貨車載運活雞，在2020年7月6日晚間約7時半許，開車行經新竹縣寶山鄉雙豐路時，貿然左迴轉跨越分向限制線，斜穿車道駛往對向路外。

判決書表示，當時施姓工程師騎機車閃避不及而撞上，人車倒地，頭顱顏面多處骨折，經過手術後癱瘓臥床、意識不清，呈現植物人狀態，需依靠專人照料。

判決書指出，後續施姓工程師的身體狀況，要臥床且仰賴氣切管、鼻胃管等設備以維持生命，而張男對於被害人及其家屬造成的損害、痛苦及經濟負擔均甚鉅，其過失行為後果極為嚴重。

對於施男家屬求償9088萬元，法官審理，施男所受損害，包括醫療費新台幣120萬元、看護費846萬元、工作損失費3074萬元、精神慰撫金200萬元，以及加上增加生活必要費用與賠償家屬等項目，張男與雇主需連帶賠償施男與家屬共4480萬元。可上訴。

刑事部分，新竹地院一審依過失致重傷罪，且自首減刑後，判刑7個月，經檢察官上訴，高等法院認為不符合罪刑相當原則，撤銷原判，改判9個月定讞。（編輯：張銘坤）1150224",2/24/2026 12:23,中央社,-0.8,0.6,1.0,0.4,台積電工程師遭遇車禍，家屬求償9088萬元,新竹地院判決書指出，施姓工程師騎機車閃避不及而撞上，人車倒地，頭顱顏面多處骨折，經過手術後癱瘓臥床、意識不清，呈現植物人狀態。,此事件對台積電的形象有所損害，並且可能導致股價下跌,
台積電創1940元新天價　市值達50.3兆元新高,"台股
證券
台積電創1940元新天價　市值達50.3兆元新高
2026/2/24 10:07
台股示意圖。（中央社檔案照片）
（中央社記者鍾榮峰台北24日電）晶圓代工龍頭台積電股價今天早盤衝上新天價1940元，漲40元，市值大增新台幣1.03兆元至50.3兆元，續創新高，貢獻加權指數約320點。
台積電美國存託憑證（ADR）拉尾盤小跌0.13%，收370.04美元，相較美股4大指數走跌，表現穩健。
台積電受惠人工智慧（AI）對先進製程及先進封裝需求強勁，1月營收創下歷史新高，達到4012.55億元，台積電預期，今年營運可望持續強勁成長，美元營收將成長接近30%。
台積電在1月法人說明會中指出，AI市場近期發展情勢非常正向，2025年AI加速器營收比重達17%至19%。（編輯：張均懋）1150224
台股
外資連2日賣超近500億元　元大台灣50遭減碼逾10萬張
2026/03/02 19:06
台股大漲927點收34700點連4日創高　台積電收1965元續寫天價
2026/02/24 13:45
台積電領軍　台股大漲近900點再創盤中指數新高
2026/02/24 10:57
台積電創1940元新天價　市值達50.3兆元新高
2026/02/24 10:07
不畏美股重跌　台股早盤開高上漲逾400點
2026/02/24 09:25
台股開盤漲247.45點
2026/02/24 09:05
不畏美股重跌　台股早盤開高上漲逾400點",2/24/2026 10:07,中央社,0.9,0.8,1.0,0.4,台積電股價創新高,台積電股價今天早盤衝上新天價1940元，漲40元，市值大增新台幣1.03兆元至50.3兆元,因為股價大幅上升和市值增加,
不畏美股重跌 台股早盤開高上漲逾400點,"（中央社記者曾仁凱台北24日電）不畏美國道瓊工業指數昨晚重跌821.91點，台股今天開高，早盤上漲逾400點，站回34000點之上。至9時20分，台股加權指數上漲404點至34177點；代表中小型股票的上櫃指數也同步開高。

3大權值股全部開高，台積電早盤最多上漲25元至1925元，台達電最多漲50元至1355元，續創新天價；鴻海漲1.5元至230元。

法人分析，台股接連大漲創高後，面對關稅新變數，以及美股回檔，短線恐面臨高檔震盪壓力，惟AI資本支出持續擴大，台灣科技供應鏈為主要受惠者，台股中長多格局不變。（編輯：張均懋）1150224",2/24/2026 9:25,中央社,0.8,0.9,1.0,0.8,台股早盤開高上漲逾400點,至9時20分，台股加權指數上漲404點至34177點,台股接連大漲創高，短線面臨高檔震盪壓力，但AI資本支出持續擴大，台灣科技供應鏈為主要受惠者,
美關稅不確定性再起 法人看台股短線高檔震盪,"（中央社記者曾仁凱台北24日電）美國關稅不確定性再起，週一美股全面收黑。台股23日金馬年開紅盤指數再度創高，但尾盤漲幅收斂，法人看台股接連大漲後，短線恐面臨高檔震盪，惟AI資本支出持續擴大，台灣科技供應鏈為主要受惠者，台股中長多格局不變。

投資人擔憂美國關稅不確定性，週一華爾街股市主要指數全部收低，道瓊工業指數重跌821.91點或1.66%，收48804.06點。標普500指數下挫71.76點或1.04%，收6837.75點。

以科技股為主的那斯達克指數挫跌258.80點或1.13%，收22627.27點。費城半導體指數下滑46.96點或0.57%，收8213.46點。

個股方面，AI可能顛覆傳統軟體等許多產業，憂慮持續擴大，科技巨擘IBM週一股價暴跌33.81美元或13.15%，收223.35美元；AI晶片股逆勢抗跌，輝達（NVIDIA）上漲1.73美元或0.91%，收在191.55美元；記憶體模組廠Sandisk漲16.52美元或2.54%，收666.49美元；台積電ADR小跌0.5美元或0.13%，收370.04美元。

華南投顧董事長呂仁傑分析，美國最高法院裁定對等關稅違法後，美國總統川普隨即援引貿易法第122條款，對全球加徵15%關稅，藉此爭取緩衝期啟動301與232條款調查，關稅戰將轉向特定產業攻防。台灣已獲232條款最惠國待遇，預計對台衝擊有限。

透過 Google News 追蹤中央社

23日台股金馬年新春開紅盤，加權指數盤中觸歷史新高34212.38點，但尾盤漲幅收斂，收33773.26點，仍創收盤歷史新高。呂仁傑提醒，投資人掌握紅包行情的同時，仍得留意關稅變局帶來的市場波動。

呂仁傑指出，接下來台股觀察重點，包括3月輝達（NVIDIA）GTC大會與MWC（世界行動通訊大會）將登場，有機會帶動HVDC（高壓直流）、矽光子、低軌衛星等相關族群。另外美國4大CSP（雲端服務供應商）已提出今年預計投入約6600億美元的資本支出，主要用在AI基建，有望照亮台灣AI供應鏈。（編輯：林家嫻）1150224",2/24/2026 8:34,中央社,-0.5,0.7,0.9,0.8,台股短線高檔震盪,美國關稅不確定性再起，週一美股全面收黑。台股23日金馬年開紅盤指數再度創高，但尾盤漲幅收斂。,市場波動大，短線震盪可能較大,
林昶佐再登芬蘭大報 談台芬經貿和民主韌性,"（中央社記者巫祈麟赫爾辛基24日專電）駐芬蘭代表林昶佐日前受邀赴土爾庫市（Turku）演講，接受芬蘭3大報之一「農村未來報」專訪，18日及23日各以半版篇幅刊出紙本專訪，網路版另有3篇，為歷年來亞洲國家外交官在該報獲得最高規格的深度報導。

林昶佐繼登上「赫爾辛基日報」（Helsingin Sanomat）、「中芬蘭報」（Keskisuomalainen）及「晚報」（Iltalehti）後，再度躍上芬蘭主流媒體版面。「農村未來報」（Maaseudun Tulevaisuus）發行量達16萬份，是芬蘭產業政策與經貿議題的指標性媒體。

林昶佐在專訪中強調，台灣不以苟活求生為目標，而是要成為民主夥伴的可靠後盾；台灣的半導體產業更在全球供應鏈中扮演舉足輕重的關鍵地位。

報導中更深入分析，台芬經貿關係正顯著成長，2025年雙邊貿易額約達13億5000萬歐元（約新台幣500億元），較前一年成長近3倍；同年赴芬台灣旅客突破5萬3000人次，年增幅高達172%。台灣去年經濟成長率達8.6%，為芬蘭第5大亞洲貿易夥伴。

在台芬雙邊合作上，林昶佐點名量子科技為最具潛力的發展方向，並特別提及芬蘭量子電腦公司IQM。他也提及食品產業的合作空間，芬蘭出口至台灣的商品已涵蓋牛奶、麵粉及酒類；台灣高齡化社會對優質食品與乳製品需求殷切，芬蘭產品在台灣市場仍有龐大潛力。

台灣在全球半導體供應鏈的關鍵地位，也是這次訪談的核心議題。林昶佐指出，台灣是全球最先進晶片的主要生產地，歐美經濟體及軍事裝備高度仰賴台積電的晶片；晶片出口占大宗，既是台灣經濟命脈，也牽動全球科技產業走向。

他強調，台灣的戰略重要性並非始於半導體，早在晶片技術興起之前，台灣便是東亞貿易樞紐，也是全球關鍵供應鏈的核心節點。

記者多加著墨的是林昶佐的另一重身分：台灣重金屬樂團閃靈的主唱兼創團成員。樂團被媒體形容「亞洲黑色安息日」（Black Sabbath），曾與芬蘭樂團Amorphis、Nightwish及Korpiklaani同台演出，在北歐樂壇建立深厚淵源。

透過 Google News 追蹤中央社

林昶佐在專訪中談及台灣長期在中國軍事、認知與資訊戰的多重壓力下，社會仍展現堅毅的民主韌性。他直言，台灣社會早已習慣地緣政治的高度動盪，「我們學會不輕易恐慌」。他強調，台灣不求苟且求生，而是要成為民主夥伴的可靠後盾，並以立法院審議援助烏克蘭預算為例，說明台灣願與理念相近國家共同維護世界和平與安全。

他在回答記者提問時指出，經貿連結能否成為持久和平與繁榮的基礎，難以預測，「但我相信，印太地區的和平與穩定，對台灣、對中國，乃至對整個世界經濟都有利」。（編輯：盧映孜）1150224",2/24/2026 5:22,中央社,0.8,0.7,1.0,0.4,林昶佐強調台灣不以苟活求生為目標，而是要成為民主夥伴的可靠後盾,2025年雙邊貿易額約達13億5000萬歐元（約新台幣500億元），較前一年成長近3倍,林昶佐在專訪中表達了對台灣經濟和民主的自信，同時提出了多個具體數據和實踐舉措,
「造山者」作者赴新加坡談創作 駐星代表：晶片外交,"（中央社台北23日電）台灣半導體發展史紀錄片「造山者」製片人蔣顯斌造訪新加坡，出席台大校友會成立大會。駐新加坡代表童振源表示，他所撰寫的新書「Taiwan at the Core」與「造山者」為「晶片外交」注入雙重動能；在全球科技與地緣政治交會下，維持台海和平穩定、強化供應鏈韌性、讓創新持續發生，是台灣對國際社會的承諾。

童振源今天告訴中央社，在地緣政治與科技競逐交織的時代，晶片已成為各國角力的戰略高地。他昨天應邀出席新加坡台灣大學校友會成立大會，分享新書「Taiwan at the Core: Strategic Partner in the Global Semiconductor Landscape and Realignment」，同場，台灣半導體發展史紀錄片「造山者」製片蔣顯斌亦講述創作歷程。一本書與一部影片，在南洋交會，為「晶片外交」注入雙重動能。

童振源表示，Taiwan at the Core的核心論點十分清晰，台灣位居全球半導體產業鏈的關鍵樞紐。這個「核心」並非孤立的中心，而是串聯各方、維繫體系穩定運作的關鍵節點，是高度專業分工架構中最具信任基礎的一環；更值得關注的是全球布局的節奏與結構。

台積電的國際擴張始終以台灣為核心，最先進製程、核心研發與最大規模產能仍集中於本土。即便對美投資持續推進，經濟部預估2030年台積電約85%產能仍在台灣，至2036年亦約有80%留在本土。此一架構，一方面回應國際社會對供應鏈韌性的高度關注，另一方面也確保關鍵技術、研發動能與人才生態系持續深耕台灣。

他指出，「造山者」以影像回望台灣半導體產業半世紀的艱辛與榮光。目前影片已在海外安排至少20場放映，足跡遍及北美與歐洲，讓更多國際觀眾理解台灣科技發展的歷程與精神。今年亦將於新加坡放映，駐星代表處將協助推廣，讓新加坡社會更深入認識台灣半導體崛起背後的人文故事。

童振源表示，書與電影形成自然互補。前者以數據、政策與世界對話，後者以影像與情感觸動人心。在全球科技與地緣政治交會的當下，維持台海和平穩定、強化供應鏈韌性、讓創新持續發生，是台灣對國際社會的承諾。當晶片成為全球經濟的神經元，台灣願意成為穩定而可靠的中樞；而造山的工程，也將持續邁向新的高峰。（編輯：陳承功）1150223",2/23/2026 15:56,中央社,0.8,0.7,1.0,0.4,台積電的國際擴張始終以台灣為核心,"即便對美投資持續推進，經濟部預估2030年台積電約85%產能仍在台灣,至2036年亦約有80%留在本土。",媒體報導提到駐新加坡代表童振源表示，台積電的國際擴張始終以台灣為核心。,
聖暉獲矽品6.59億廠務工程 帆宣取得力成5.99億訂單,"（中央社記者張建中新竹23日電）半導體封測廠積極擴產，無塵室廠聖暉和高科技設備材料廠帆宣營運受惠，分別接獲矽品及力成訂單，金額各約新台幣6.59億元及5.99億元。

人工智慧（AI）對半導體先進製程及先進封裝需求強勁，帶動晶圓代工龍頭廠台積電及封測廠矽品、力成等積極擴產。

日月光投控今天代子公司矽品公告，自今年1月26日至2月23日取得聖暉廠務工程，總金額6.59億元，主要供生產及營運用。

透過 Google News 追蹤中央社

力成公告，自2025年2月25日至2026年2月23日向帆宣訂購一批先進封裝設備及其零配件，總金額5.99億元，主要供營運生產使用。

帆宣指出，鍵合（Bonder）及解鍵合（Debonder）是CoWoS等先進封裝關鍵的設備，是帆宣廠務系統業務之外，營運一大動能。（編輯：張良知）1150223",2/23/2026 17:21,中央社,0.8,0.7,0.9,0.4,聖暉和帆宣獲取大單,矽品6.59億元廠務工程，力成5.99億元訂單,台積電及封測廠積極擴產，帶動需求增加,
外資連4買台股 加碼群創與金融股、調節友達台積電,"（中央社記者鍾榮峰台北23日電）台股今天農曆馬年開紅盤，終場上漲167.55點，收33773.26點，再創收盤歷史新高，外資買超台股新台幣83.52億元，加上蛇年封關前已連4買，今天主要加碼群創和金融股，反手減碼友達和台積電，對台積電連2賣。

台股今天開高震盪，留長上影線439.12點，終場上漲167.55點，收33773.26點，成交值9020.81億元。

三大法人今天合計賣超台股51.43億元，其中自營商賣超114.72億元，投信賣超20.23億元，外資及陸資買超83.52億元。根據統計，加上蛇年封關前，外資在台股已連4個交易日買超，投信今天轉賣，終結蛇年封關前連8日買超台股。

在台指期淨部位，三大法人今天淨空單增加4433口至5054口，其中外資淨空單增加3187口至3萬852口。

觀察外資買超個股動向，根據台灣證券交易所統計，外資今天加碼群創超過12萬張排名第1，敲進凱基金逾8.4萬張，買超台新新光金和力積電各約近6.2萬張及6.15萬張，加碼群益台灣精選高息ETF逾4萬張，買超彰銀逾3.2萬張。

外資還敲進玉山金、台企銀、三商壽、陽明、合庫金、兆豐金等，均超過2萬張；另加碼鴻海9158張，連4買。

相較之下，外資今天調節元大台灣50 ETF約6.15萬張，減碼友達約5.2萬張，賣超仁寶和旺宏各約3.4萬張，並減碼台積電1.75萬張，連2賣。

兆豐投顧研究部副總經理黃國偉指出，外資持續加碼台股，內資也未偏弱，後續觀察融資水位狀況。他表示，台股偏多格局不變，不過台股從去年11月迄今已大漲超過7000點，短線留意漲多震盪。

展望台股後市，台新台灣優勢成長主動式ETF基金經理人魏永祥表示，台股後市盤面可關注以下焦點，首先美國最高法院裁定總統川普關稅政策違法後，未來川普援引何種法源重啟關稅、退稅機制如何建立，以及美國國會是否趁勢重奪貿易政策主導權。

其次，魏永祥指出，美國聯邦準備理事會（Fed）主席接班人華許（Kevin Warsh）若上任後，未來貨幣政策動向也是觀察重點。此外，重量級科技大廠財報、尤其是美國時間25日將公布的輝達（NVIDIA），對今年營運展望與人工智慧（AI）產業趨勢定調，尤其關鍵。（編輯：楊蘭軒）1150223",2/23/2026 18:20,中央社,0.8,1.0,0.9,0.4,外資連4買台股，加碼群創和金融股，調節友達和台積電。,三大法人今天合計賣超台股51.43億元，其中自營商賣超114.72億元，投信賣超20.23億元，外資及陸資買超83.52億元。根據統計，加上蛇年封關前，外資在台股已連4個交易日買超，投信今天轉賣，終結蛇年封關前連8日買超台股。,外資持續買超台股，指向短期市場看好景氣,
台股馬年開紅盤爆量創高 上市櫃成交值破兆元,"（中央社記者鍾榮峰台北23日電）台股今天農曆馬年開紅盤，終場上漲167.55點，收33773.26點，再創收盤歷史新高。根據晚間最新資料，台股集中市場今天成交值新台幣9499.92億元，創史上第2大量，櫃買市場成交值1864.71億元，上市櫃合計放量約1.13兆元。

根據台灣證券交易所統計，1月29日集中市場成交值達9596.52億元創史上最大量，今天達9499.92億元，為歷史次高。

證交所董事長林修銘今天表示，金蛇年封關前，台股（含上市櫃公司）日均成交值來到9496億元歷史高位，期間不僅有10個交易日單日成交值突破兆元大關，1月29日單日成交值逾1.19兆元，刷新台股歷史紀錄。

透過 Google News 追蹤中央社

兆豐投顧研究部副總經理黃國偉分析，台股今天延續農曆蛇年封關前走勢，集中市場成交值放量超過9000億元，外資持續加碼台股，主要是台灣經濟基本面強勁，記憶體族群今天表現強勢，金融指數跟著創新高，電子零組件類股也表現亮眼，代表漲勢擴散，不集中侷限台積電等少數電子權值股。

期貨法人分析，台股今天創高後留長上影線439.12點，市場偏向短線獲利了結落袋為安，並不是轉空跡象，部分權值股換手調節，並非基本面轉弱，台股馬年開紅盤量能放大，代表資金仍在場內，整體籌碼換手分配。（編輯：楊蘭軒）1150223",2/23/2026 19:13,中央社,1.0,0.8,1.0,0.8,台股馬年開紅盤，集中市場成交值創史上第2大量,根據晚間最新資料，台股集中市場今天成交值新台幣9499.92億元，創史上第2大量,台股今日終場上漲167.55點，收33773.26點，再創收盤歷史新高,
金馬年股匯開紅盤 新台幣升破31.5元關卡收31.462元,"（中央社記者潘姿羽台北23日電）金馬年股匯市開紅盤，台股氣勢如虹，盤中、收盤再創新高紀錄，新台幣兌美元也升破31.5元關卡，今天收盤收31.462元，升值5.6分，台北及元太外匯市場總成交金額22.19億美元。

農曆春節連假期間，美國最高法院推翻總統川普關稅，川普最新發文則宣布將把全球關稅提高至15%，外界緊盯關稅不確定性是否影響金融市場。

股匯市今天開紅盤，無畏關稅陰霾，繳出亮麗成績，台股盤中觸歷史新高34212.38點，大漲606.67點，但因適逢台指期結算日，尾盤台積電翻黑、指數漲勢收斂，終場加權指數收33773.26點，上漲167.55點，未站穩34000點大關，仍創收盤歷史新高。

匯市方面，新台幣兌美元今天開盤價為31.5元，上午偏向平盤整理，午後啟動升勢，最高觸及31.417元，終場收在31.462元，順利突破31.5關卡。

外匯交易員直言，美國關稅政策不確定性升溫，但從股匯市表現看來，市場並未悲觀解讀，外資今天買超台股，午後在匯市也有明顯匯入，「新台幣跟著股市一起走升」。

外匯交易員表示，春節期間國際局勢動盪，除了川普關稅被駁回，還有美國考慮對伊朗發動軍事行動，但回到國內金融市場，表現相當不錯，顯見AI仍是主要議題；如果台股繼續創高，AI龍頭輝達（Nvidia）本週公布的財報報喜，外資可望繼續匯入，上演股匯雙漲的戲碼。

農曆春節連假才剛結束，本週又有228和平紀念日補假。外匯交易員認為，本週新台幣應該延續緩升格局，在31.5元上下盤整，交易區間落在31.4至31.650元，但仍須留意國際局勢反轉，是否會出現外資變臉匯出的情況。（編輯：楊凱翔）1150223",2/23/2026 18:10,中央社,0.6,0.8,1.0,0.4,台股創收盤歷史新高,終場加權指數收33773.26點，上漲167.55點，未站穩34000點大關,台股氣勢如虹，盤中、收盤再創新高紀錄,
台股馬年紅盤創多項紀錄 記憶體和被動元件強勢,"台股馬年紅盤創多項紀錄 記憶體和被動元件強勢

（中央社記者鍾榮峰台北23日電）台股今天農曆馬年開紅盤，電子和金融指數連袂再創新高，權王台積電觸1935元新天價，市值首次攻上新台幣50兆元，台股盤中觸歷史新高34212.38點，大漲606.67點；不過適逢台指期結算日，尾盤台積電翻黑、指數漲勢收斂。

終場加權指數收33773.26點，上漲167.55點，未站穩34000點大關，仍創收盤歷史新高，留下439.12點長上影線，成交值在長假資金回流下放大至新台幣9020.82億元，為集中市場史上第3大量。

集中市場電子指數觸盤中創下2109.54點新高，金融指數觸2580.91點，也創盤中歷史新高；終場電子指數上漲0.09%，金融指數上漲2.71%。代表中小型股的櫃買OTC指數終場上漲2.06%。

權王台積電盤中攀高至1935元，再創新天價，市值突破50兆元關卡，至50.18兆元；終場翻黑收1900元，跌0.78%。

股價超過千元的高價股漲跌互見，股后穎崴終場跌6.19%，力旺、聯亞、致茂攻上漲停2180元、1190元、1155元，高價股站穩「33千金」。

權值股台達電盤中觸1380元新高價後漲幅收斂，終場收1305元，漲3.57%；鴻海收228.5元，漲0.66%；聯發科收1795元，跌3.23%；日月光投控翻黑收349元，跌1.55%。載板廠欣興、景碩鎖漲停405.5元及292元，同創新高價。

記憶體族群強勢表態，南亞科終場收289元、漲3.96%，華邦電盤中攻上漲停116元，終場收115元，大漲9%；旺宏盤中觸漲停108元，終場收103.5元，漲5.08%；力積電終場收67元，漲6.18%。

被動元件族群今天連動勁揚，國巨、華新科、禾伸堂、三集瑞攻上漲停，分別以281.5元、135.5元、114.5元及187元作收。

兆豐投顧研究部副總經理黃國偉分析，台股今天延續農曆蛇年封關前走勢，類股表態，漲勢擴散，主要是台灣經濟基本面強勁，第1季上市櫃公司營運淡季不淡，今天台股開紅盤加權指數屢創新高，成交值放量，呈現價量齊揚。

透過 Google News 追蹤中央社

展望後市，黃國偉表示，美國關稅變數對台股影響不大，對台美貿易協議現況沒有太大改變，台股中長線延續偏多格局，留意漲多震盪。

台新台灣優勢成長主動式ETF基金經理人魏永祥表示，持續關注近期融資餘額水位及籌碼面動向，留意獲利了結賣壓，可布局成長趨勢持續向上的產業，配合第1季行情發酵，低基期族群也是未來選股重心。（編輯：張良知）1150223",2/23/2026 14:41,中央社,0.9,0.8,1.0,0.4,台股馬年紅盤創多項紀錄，記憶體和被動元件強勢,電子指數觸2109.54點新高，金融指數觸2580.91點，也創盤中歷史新高；終場電子指數上漲0.09%，金融指數上漲2.71%。,台股今天延續農曆蛇年封關前走勢，類股表態，漲勢擴散，主要是台灣經濟基本面強勁,
台指期結算台積電翻黑 台股漲勢收斂收33773點創新高,"（中央社記者鍾榮峰台北23日電）台股馬年開市盤中強勢，首次突破34000點大關，電子和金融指數連袂再創新高，權王台積電觸1935元創新天價，市值首次攻上新台幣50兆元，台股盤中觸歷史新高34212.38點，大漲606.67點，不過適逢台指期結算日，午盤後賣壓湧現漲勢收斂，台積電翻黑。

終場加權指數收33773.26點，上漲167.55點，未站穩34000點大關，仍創收盤歷史新高，成交值放大至新台幣9020.82億元。電子指數上漲0.09%，電子指數觸盤中新高2109.54點；金融指數漲2.71%，金融指數觸2580.91點，也創盤中新高。代表中小型股的櫃買OTC指數終場上漲2.06%。

權王台積電盤中攀高至1935元，再創新天價，市值突破50兆元關卡，至50.18兆元，終場翻黑收1900元，跌0.78%。（編輯：張均懋）1150223",2/23/2026 14:10,中央社,0.9,0.8,1.0,0.8,台股漲勢收斂，終場加權指數創收盤歷史新高,終場加權指數收33773.26點，上漲167.55點，不過適逢台指期結算日，漲勢收斂,股票市場的短期波動,
宋曜廷接任台師大校長 盼育全球視野跨域人才,"（中央社記者許秩維台北23日電）台師大第15任校長宋曜廷今天上任，他將以「奠基、躍升、新師大」為願景，盼培育兼具專業能力、人文素養與全球視野的優秀教師與跨域人才，打造更具永續與人本價值的校園。

台灣師範大學發布新聞稿指出，台師大今天舉行第15任校長交接典禮，在教育部常務次長朱俊彰監交下，由卸任校長吳正己將印信交接給新任校長宋曜廷，象徵責任傳承與使命延續，校內師長、各界貴賓、海內外校友約300多人共同見證。

朱俊彰提到，台師大是師資培育重鎮與高教體系中深具特色與影響力的重要大學；吳正己在任內帶領台師大與時俱進，包括成為雙語標竿大學、創立跨域科技產業創新研究學院、與台積電開設半導體學分學程等，讓台師大躍升為連結世界的國際型大學。

吳正己指出，過去數年面對高教環境劇烈變動，台師大穩健前行，深化學術研究量能、推動國際合作與雙語教育，積極強化校友連結與社會參與，讓師大傳承師道精神的同時，更具前瞻與創新動能，期盼未來在新任校長帶領下，凝聚共識、再創高峰。

台師大新任校長宋曜廷表示，將以「奠基、躍升、新師大」為核心願景，回應當前高教挑戰，未來將從空間資源規劃、人才培育優化、教職員生福祉提升等面向穩固根基，打造更具永續與人本價值的校園環境，同時推動學術研究躍升、科技整合創新、深化產業合作與就業競爭力等。

宋曜廷提到，台師大肩負師道傳承與開創未來的雙重使命，未來將凝聚師生共識，強化跨域學習與國際連結，培育具專業能力、人文素養、全球視野的優秀教師與跨域人才，並透過與產業、社會、國際夥伴合作，提出具影響力的「師大方案」，回應台灣與世界的發展需求。（編輯：張銘坤）1150223",2/23/2026 11:56,中央社,0.6,0.7,1.0,0.8,台師大新任校長宋曜廷上任，將帶領大學躍升為國際型大學,台師大新任校長宋曜廷表示，將以「奠基、躍升、新師大」為核心願景，回應當前高教挑戰,新任校長帶來的變化和未來發展方向,
台積電創新天價1935元 台股漲逾600點首登34000點,"（中央社記者鍾榮峰台北23日電）台股今天農曆馬年開紅盤走高，首度突破34000點大關，電子和金融指數強勢表態，權王台積電翻紅勁揚，盤中觸1935元新天價，市值攀至新台幣50.17兆元，台股盤中最高觸34212.38點，創盤中歷史新高，大漲606.67點，之後漲幅漸收斂，仍站穩34000點之上。

至10時29分，加權指數34059.03點，上漲453.32點，漲幅1.35%，成交值放大至新台幣5210.89億元，櫃買OTC指數盤中漲2%，電子指數漲1.17%，金融指數漲2.76%。電子指數盤中觸2109.54點，再創歷史新高，金融指數觸2580.91點，也創盤中新高。

台達電盤中攻上1380元新高，大漲9.5%，之後漲幅收斂仍漲逾6%，記憶體族群南亞科盤中漲6%，華邦電觸漲停116元，旺宏早盤觸漲停108元，盤中漲8%。聯發科盤中跌1.6%，力積電漲8%。國巨鎖漲停281.5元，欣興鎖漲停405.5元。

股價超過千元的高價股漲跌互見，站穩「33千金」。

台新台灣優勢成長主動式ETF基金經理人魏永祥表示，雖然關稅風波再起，但市場認為影響有限，加上春節過年期間國際股市及美股半導體指數走強，帶動台股今天開紅盤補漲行情，衝破34000點大關，再創歷史新高。

展望後市，魏永祥分析，雖然短線受關稅變數影響，台股可能趨於震盪，但中長線來看，今年台股企業獲利成長可期，扎實基本面提供台股多頭續航的火種。（編輯：林家嫻）1150223",2/23/2026 10:51,中央社,0.9,1.0,1.0,0.8,台積電盤中觸1935元新天價,「權王台積電翻紅勁揚，盤中觸1935元新天價」,市場認為影響有限，加上春節過年期間國際股市及美股半導體指數走強，帶動台股今天開紅盤補漲行情，衝破34000點大關，再創歷史新高。,
台積電衝1935元創新天價 市值突破50兆元,"（中央社記者張建中新竹23日電）台股今天馬年開紅盤，晶圓代工廠台積電開低震盪走高，盤中攀高至1935元，創下新天價，市值突破新台幣50兆元關卡。

台股春節休市期間，美股在2月10日至20日震盪整理，道瓊工業指數下跌562.17點，跌幅約1.12%；費城半導體指數上揚153.29點，漲幅1.89%，表現相對強勢，台積電美國存託憑證（ADR）上漲約2.38%。

台股今天馬年開紅盤，走勢強勁，加權指數突破34000點創下歷史新高。台積電開低震盪走高，以1900元開出，下跌15元，隨著買盤湧入，台積電股價由黑翻紅，一度達1935元，創下新天價，上漲20元，市值攀高至50.17兆元，貢獻大盤約160點。

台積電受惠人工智慧（AI）對先進製程及先進封裝需求強勁，1月營收創下歷史新高，達到4012.55億元，台積電預期，今年營運可望持續強勁成長，美元營收將成長接近30%。（編輯：張均懋）1150223",2/23/2026 10:12,中央社,0.9,0.8,1.0,0.4,台積電股價創下新天價,盤中攀高至1935元，創下新天價,市場走勢強勁、開紅盤、市值突破50兆元,
台股馬年開紅盤觸33992點創盤中新高　台積電早盤震盪,"台股
證券
台股馬年開紅盤觸33992點創盤中新高　台積電早盤震盪
2026/2/23 09:18
台股23日農曆馬年開紅盤走高，早盤最高33992.16點創盤中歷史新高，上漲386.45點。（中央社檔案照片）
（中央社記者鍾榮峰台北23日電）台股今天農曆馬年開紅盤走高，逼近34000點大關，早盤最高33992.16點創盤中歷史新高，上漲386.45點，權值股龍頭台積電於平盤1915元附近震盪。
其他電子權值股鴻海漲約1%，聯發科下跌5元至1850元，台達電漲逾4%，日月光投控漲逾3%，記憶體南亞科漲超過5%，華邦電漲逾8%，旺宏逼近漲停108元。力積電漲逾5%。
證券法人指出，台股今天開紅盤，技術指標黃金交叉向上，代表短線動能強，有實質買盤支撐，後續關注美國總統川普對各國改課徵15%全球性關稅、OpenAI算力支出下修等因素影響。（編輯：林家嫻）1150223",2/23/2026 9:18,中央社,0.8,0.6,1.0,0.8,台股開紅盤創新高，技術指標向上,台股今天農曆馬年開紅盤走高，早盤最高33992.16點創盤中歷史新高，上漲386.45點。,市場整體趨勢向上，技術指標黃金交叉向上代表短線動能強。,
春節封關台積電ADR勁揚 法人：台股開市挑戰34000點,"（中央社記者鍾榮峰台北23日電）台股農曆春節封關11天，期間美股費城半導體指數漲1.89%，台積電ADR勁揚2.38%。美國最高法院20日推翻總統川普關稅，川普最新發文宣布將把全球關稅提高至15%。台股今天農曆馬年開市，法人評估有機會補漲挑戰34000點新高，以及歷年春節後開紅盤最大漲點。

投顧法人分析，美國政府關稅政策可「換劇本」，透過更制度化的方式推進關稅，川普新關稅政策對台股影響有限，其中春節封關期間台積電ADR上漲，台股今天開盤可正向看待，台積電現貨有機會補漲，帶動電子股和台股走勢。

展望台股本週動向，法人表示，重頭戲關注輝達（NVIDIA）美國時間25日公布財報及對於今年人工智慧（AI）產業展望，此外，欣興、國巨、台達電、光寶科、緯穎等電子大廠，本週也將舉辦法人說明會，釋出對產業景氣最新看法。

根據統計，台股2016年至2025年近10年農曆年後開紅盤日表現，加權指數有7年上漲、3年下跌，上漲機率達7成，平均漲幅約0.57%。

台股從2月11日封關至2月22日，根據統計，美股道瓊指數期間跌幅約1.12%，標普500指數跌幅約0.47%，那斯達克指數跌幅約0.94%，費城半導體指數勁揚1.89%。韓國股市期間漲近8.5%，日本股市跌1.43%。

台積電美國存託憑證（ADR）上週五收370.54美元，勁揚2.82%。在台股封關期間，台積電ADR漲幅約2.38%，日月光投控ADR上漲6.54%；輝達（NVIDIA）漲0.68%，美光（Micron）大漲14.71%。

美國最高法院20日裁定，總統川普在2025年實施廣泛的全球性關稅無效，川普在最高法院裁定後立即簽署一項公告，援引另外法條對全球各國徵收10%進口關稅；不過川普最新發文宣布，將把全球關稅提高至15%，未來幾個月，川普政府將發布全新且符合法律規範的關稅。

上週五美股收紅，道瓊工業指數上漲230.81點或0.47%，收49625.97點，標普500指數漲47.62點或0.69%，收6909.51點。那斯達克指數上漲203.34點或0.90%，收22886.07點。費城半導體指數上漲87.11點或1.07%，收8260.42點。

台股2月11日農曆蛇年封關，終場收33605.71點續創台股收盤新高，蛇年累計大漲10080.3點，突破龍年上漲5429.34點的農曆年漲點紀錄，台股蛇年封關首度站在33000點大關之上，創下台股史上最高封關點位。

在台指期淨部位，三大法人11日淨空單增加1150口，淨空單部位621口，其中外資淨空單增加2781口至2萬7665口。（編輯：林家嫻）1150223",2/23/2026 8:45,中央社,0.6,0.8,0.9,0.4,台股今天農曆馬年開市，法人評估有機會補漲挑戰34000點新高。,根據統計，台股2016年至2025年近10年農曆年後開紅盤日表現，加權指數有7年上漲、3年下跌，上漲機率達7成，平均漲幅約0.57%。,台股封關期間美股費城半導體指數漲1.89%，台積電ADR勁揚2.38%，表明市場對於技術和電子股的看好。加上法人評估有機會補漲挑戰34000點新高，因此我們給予這個新聞0.6的利多分數。,
