title,text,publish_date,source,url
外資爆砍台積電 1.1 萬張！提款破214億元有警訊？名師解析,"台積電（2330）今（23）日股價表現如雲霄飛車，盤中一度衝上 1,935元，刷新歷史天價，但最後一盤湧現 11,305張 巨量賣單，導致股價瞬間由紅翻黑，最終收在1,900元整數關卡，下跌15元，股市名師找出尾盤跳水的元兇，外資大幅調節，提款破214億元元。

國泰證期顧問處協理蔡明翰、倫元投顧分析師王春盛表示，外資今日單日賣超台積電超過1.7萬張，若以收盤價 1,900元估算，外資僅在台積電一檔個股就抽走超過214億元 現金，這也解釋了為何尾盤會出現斷崖式走勢。

王春盛指出，雖然外資短線獲利了結壓力明顯，但這類「創高後壓回」走勢，屬於高檔正常震盪，並非基本面轉弱訊號，而是外資在高檔進行部位調節，就趨勢來看，AI、先進製程與2奈米題材仍是中長線主軸，台積電產業地位未動搖。

國泰證期顧問處協理蔡明翰補充，由於春節期間台股封關長達7個交易日，國際情勢多變，像是美國總統川普加碼全球關稅，因此，大戶或特定人士選擇在開紅盤日「高點宣洩」屬於合理的資金調度，「並不代表基本面轉向。」

蔡明翰進一步表示，台積電日前的法說會與最新營收數據已驗證其領先地位，中長線基本面無虞，但要留意，關鍵變數是後天輝達財報，市場目前的矛盾點在於，雖預期 AI 需求依然火熱，但因相關族群股價已處於高位，市場擔心財報公布後會出現「利多出盡」的開高走低走勢。

「結論就是拉回即是買點！」蔡明翰強調，短期內台積電及 AI 相關族群可能因財報前的觀望氣氛而震盪整理，但一旦進入正常軌道，由於AI需求本質未變，「台積電的漲多拉回，對中長線布局者而言，反而是買點。」

王春盛也表示，操作上短線投資人須留意籌碼鬆動帶來的震盪風險，中長線投資人則可觀察月線1800元附近是否形成支撐，拉回反而是分批布局的機會。",2026-02-23,Yahoo股市,https://tw.stock.yahoo.com/news/%E5%A4%96%E8%B3%87%E7%88%86%E7%A0%8D%E5%8F%B0%E7%A9%8D%E9%9B%BB-11-%E8%90%AC%E5%BC%B5%EF%BC%81%E6%8F%90%E6%AC%BE%E7%A0%B4214%E5%84%84%E5%85%83%E6%9C%89%E8%AD%A6%E8%A8%8A%EF%BC%9F%E5%90%8D%E5%B8%AB%E8%A7%A3%E6%9E%90-103955073.html
台積電股東「抱股過年」每天利息賺1818元 年化殖利率34%大豐收,金馬年開紅盤日一度大漲6百點破3萬4大關，「護國神山」台積電（2330）今（23）日開工亦補漲20元，一度上攻1935元。因金蛇年封關休市11天，若以最高價計算，等於抱股過年把錢放台積電，每天領1818元利息，以銀行的年化殖利率來算超過34%，可說是相當划算，賺很大。,2026-02-23,Yahoo股市,https://tw.stock.yahoo.com/news/%E5%8F%B0%E7%A9%8D%E9%9B%BB%E8%82%A1%E6%9D%B1%E3%80%8C%E6%8A%B1%E8%82%A1%E9%81%8E%E5%B9%B4%E3%80%8D%E6%AF%8F%E5%A4%A9%E5%88%A9%E6%81%AF%E8%B3%BA1818%E5%85%83-%E5%B9%B4%E5%8C%96%E6%AE%96%E5%88%A9%E7%8E%8734%E5%A4%A7%E8%B1%90%E6%94%B6-031539747.html
今日最夯 ETF／台韓科技領漲 00735飆漲13%、爆五倍大量,"本文共572字

經濟日報 記者張瀞文／台北報導

台韓科技股領漲，國泰臺韓科技（00735）2月23日價格大漲8.55元，收在73.5元，漲幅為13.1%，高居所有ETF第一，且為成立以來最大單日漲幅；成交張數為5,296張，為前一個交易日的五倍多，更是一年半以來新高。

台股加權指數23日漲0.5%，韓股則漲0.6%，單日漲幅並不強勁，但00735單日卻飆漲13.1%，主要反映台股因為農曆新年假期而休市七日，韓股在這段期間大漲8.4%，加上00735成分股領漲，因而價量暴增。

00735於2018年6月掛牌，追蹤臺韓資訊科技指數，之前成交清淡，規模不大。不過，韓股在2025年狂漲75.6%，在全球主要股市中表現最優，也吸引國人注意。00735今年以來成交熱絡，資金持續流入，最新規模激增到22.8億元，不到兩個月狂增三倍。

00735為目前全台市面上唯一一檔聚焦台灣及南韓科技產業的ETF，從市場分布來看，目前的韓股比重占43.8%；前五大成分股為三星電子（26%）、台積電（17.9%）、SK海力士（13.9%）、台達電（4.1%）、聯發科（3.5%）。

00735半年配息一次，今年上半年配息落在元月，每股配發1元。今年以來，00735價格已上漲38.8%，如果含息計算，則總報酬率超過40%，領漲所有ETF。

國泰投信建議投資人，採取定期定額策略，分批布局台韓科技龍頭，以掌握未來成長契機。",2026-02-20,經濟日報,https://money.udn.com/money/story/5618/9340094
外資連4買台股 加碼群創與金融股、調節友達台積電,"本文共901字

中央社 記者鍾榮峰台北23日電

台股今天農曆馬年開紅盤，終場上漲167.55點，收33773.26點，再創收盤歷史新高，外資買超台股新台幣83.52億元，加上蛇年封關前已連4買，今天主要加碼群創和金融股，反手減碼友達和台積電，對台積電連2賣。

台股今天開高震盪，留長上影線439.12點，終場上漲167.55點，收33773.26點，成交值9020.81億元。

三大法人今天合計賣超台股51.43億元，其中自營商賣超114.72億元，投信賣超20.23億元，外資及陸資買超83.52億元。根據統計，加上蛇年封關前，外資在台股已連4個交易日買超，投信今天轉賣，終結蛇年封關前連8日買超台股。

在台指期淨部位，三大法人今天淨空單增加4433口至5054口，其中外資淨空單增加3187口至3萬852口。

觀察外資買超個股動向，根據台灣證券交易所統計，外資今天加碼群創超過12萬張排名第1，敲進凱基金逾8.4萬張，買超台新新光金和力積電各約近6.2萬張及6.15萬張，加碼群益台灣精選高息ETF逾4萬張，買超彰銀逾3.2萬張。

外資還敲進玉山金、台企銀、三商壽、陽明、合庫金、兆豐金等，均超過2萬張；另加碼鴻海9158張，連4買。

相較之下，外資今天調節元大台灣50 ETF約6.15萬張，減碼友達約5.2萬張，賣超仁寶和旺宏各約3.4萬張，並減碼台積電1.75萬張，連2賣。

兆豐投顧研究部副總經理黃國偉指出，外資持續加碼台股，內資也未偏弱，後續觀察融資水位狀況。他表示，台股偏多格局不變，不過台股從去年11月迄今已大漲超過7000點，短線留意漲多震盪。

展望台股後市，台新台灣優勢成長主動式ETF基金經理人魏永祥表示，台股後市盤面可關注以下焦點，首先美國最高法院裁定總統川普關稅政策違法後，未來川普援引何種法源重啟關稅、退稅機制如何建立，以及美國國會是否趁勢重奪貿易政策主導權。

其次，魏永祥指出，美國聯邦準備理事會（Fed）主席接班人華許（Kevin Warsh）若上任後，未來貨幣政策動向也是觀察重點。此外，重量級科技大廠財報、尤其是美國時間25日將公布的輝達（NVIDIA），對今年營運展望與人工智慧（AI）產業趨勢定調，尤其關鍵。",2026-02-20,經濟日報,https://money.udn.com/money/story/5618/9339905
台積電噴1333億元成交值竟收最低！量價榜曝外資「棄權值」轉愛這些股,"本文共702字

經濟日報 記者李慧蘭／台北即時報導

台股23日馬年開紅盤寫下盤中34,212點、收盤33,773.26點雙新高，成交值暴衝至9,020.81億元，顯示市場在歷史高點出現劇烈的籌碼換手。從量價排行與外資前十大買賣超名單交叉比對，資金主線已相當清晰。

從成交值排行榜來看，權王台積電（2330）單日成交1,333億元傲視群雄，但其走勢卻從盤中1,935元天價一路滑落至1,900元最低點收盤。對照外資買賣超清單可發現，外資單日大舉賣超台積電達17,558張，成為壓抑指數的主因。

同樣的情況也發生在成交量首位的凱基台灣TOP50（009816）與元大台灣50（0050），外資分別賣超了2.2萬張與6.1萬張，顯見外資在指數創高之際，對權值股採取了積極的調節策略。

然而，外資並非全面看淡台股，而是將資金移防至「低位階」與「具備轉機題材」的個股。在成交量排行榜位居前列的群創（3481）與力積電（6770），外資分別掃貨12萬張與6.1萬張，助攻力積電強漲逾6%、群創大漲6.38%。這反映出外資看好AI需求外溢至成熟製程與面板轉型，改採「低價、補漲」策略。

值得注意的是，旺宏（2337）、華邦電（2344）與力積電同時出現在成交量與成交值雙榜，其中力積電更獲外資大舉回補逾6萬張，成為記憶體族群中資金態度最明確標的；相對地，旺宏雖量價齊揚，卻遭外資賣超逾3.3萬張，呈現籌碼分歧。",2026-02-20,經濟日報,https://money.udn.com/money/story/5607/9339796
台指期結算台積電翻黑 台股漲勢收斂收盤創新高,"本文共341字

中央社 記者鍾榮峰台北23日電

台股馬年開市盤中強勢，首次突破34000點大關，電子和金融指數連袂再創新高，權王台積電觸1935元創新天價，市值首次攻上新台幣50兆元，台股盤中觸歷史新高34212.38點，大漲606.67點，不過適逢台指期結算日，午盤後賣壓湧現漲勢收斂，台積電翻黑。

終場加權指數收33773.26點，上漲167.55點，未站穩34000點大關，仍創收盤歷史新高，成交值放大至新台幣9020.82億元。電子指數上漲0.09%，電子指數觸盤中新高2109.54點；金融指數漲2.71%，金融指數觸2580.91點，也創盤中新高。代表中小型股的櫃買OTC指數終場上漲2.06%。

權王台積電盤中攀高至1935元，再創新天價，市值突破50兆元關卡，至50.18兆元，終場翻黑收1900元，跌0.78%。",2026-02-20,經濟日報,https://money.udn.com/money/story/5612/9339379
"台股馬年開紅盤衝3萬4得而復失！四天狂漲1,990點、台積電終場跌15元","本文共941字

經濟日報 記者崔馨方／即時報導

台股馬年首日火力全開，23日盤中與收盤點位再齊步改寫歷史新高，日K線連五紅，已連四個交易日大漲、累計1,990點，盤中最高34,212點，終場收33,773點，漲167點、漲幅0.4%，成交金額9,020.8億元；櫃買指數也走強，收漲2%至303點。台積電（2330）盤中以1,935元創天價，終場則收低為1,900元、下跌15元。

觀察盤面上，強勢族群多點開花，主要集中在PCB、玻璃基板、MCU、特用化學、晶片電阻、再生晶圓、被動元件、石英元件、記憶體、軟板廠等，其中PCB群的景碩（3189）、南電（8046）、華通（2313）、欣興（3037）、銘旺科（2429）紛紛飆漲停作收，最為強勢。

33檔千金股漲多於跌，致茂（2360）、力旺（3529）、聯亞（3081）收漲停最強，昇達科（3491）、AES-KY（6781）漲逾半根漲停板，穎崴（6515）、貿聯-KY（3665）、印能科技（7734）、奇鋐（3017）、祥碩（5269）跌逾5%以上，表現最弱。

此外，本日價漲量增強勢股包括：華星光（4979）、景碩（3189）、國巨*（2327）、穩懋（3105）、華邦電（2344）、華通（2313）、欣興（3037）、台玻（1802）、臻鼎-KY（4958）、中工（2515）、富喬（1815）、凱基金（2883）、南亞（1303）、力積電（6770）、燿華（2367）、旺宏（2337）等；ETF方面，主動統一全球創新（00988A）、主動元大AI新經濟（00990A）、富邦特選高股息30（00900）、群益台灣精選高息（00919）、主動群益台灣強棒（00982A）等，同樣價漲量增，表現強勢。

展望台股後市，綜合富邦投顧董事長陳奕光、台新投顧副總經理黃文清表示，台股在三萬點以上高檔震盪將成新常態，背後關鍵仍在於企業獲利強勁支撐，預估2026年整體獲利年增三成，甚至挑戰近6兆元。此外，2026年上半年配息加配股規模上看3兆元，為市場提供資金動能。

值得注意的是，針對農曆年後紅包行情，陳奕光補充，投資人普遍認為科技類股會是主力。然而，根據過去十年統計，新春開紅盤後20個交易日內，漲幅較大的類股反而是傳統產業，包括：電氣電纜、造紙、運輸、鋼鐵以及生技等，亦可同步留意。",2026-02-20,經濟日報,https://money.udn.com/money/story/5607/9339317
台積電先進製程、封裝供不應求 永光、中華化飆漲停,"本文共645字

經濟日報 記者馬琬淳／台北即時報導

先進製程及先進封裝推升化學材料用量及相關產品技術要求，永光（1711）、中華化（1727）23日盤中漲停鎖死，三福化（4755）大漲約8%，台特化（4772）上漲約6%，長興（1717）上漲近5%。

台積電（2330）擴大海內外投資，「材料國家隊」股價表現佳，以永光、中華化漲勢最強，雙雙強鎖漲停，永光衝上25.3元，中華化漲至46.35元。

永光感光型聚醯亞胺（PSPI）今年驗證、量產進度受矚目。PSPI為先進封裝關鍵材料之一，去年日本大廠傳出供不應求，國內晶圓業者開始尋找本土供應商，永光的EverPI P07正型聚醯亞胺產品因此獲得與客戶洽談、送樣及評估的機會，目前正處於驗證階段，如通過驗證並放量，有望切入先進封裝供應鏈，對營收、獲利將帶來可觀貢獻。

永光2025年全年度電子化學品占營收比重，已超過24%；去年電子化學品營收年成長率達7%。

中華化針對先進製程打造的第五條電子級硫酸產線（A27廠），預估最快今年第1季通過晶圓大客戶驗證，有望躍居晶圓代工龍頭客戶第二大電子級硫酸供應商。中華化表示，最快今年1-2季開始出貨。

三福化日前表示，旗下TMAH回收液驗證順利，可望於本季通過晶圓代工龍頭客戶8吋廠驗證，並於下一季開始導入、放量；供應12吋廠的TMAH回收液，則預計今年年底出貨。

據悉，TMAH為電子業顯影製程中的必需品，但顯影製程中會產生大量的TMAH廢液，該廢液具有生物急毒性，若未妥善處理，將對環境造成重大衝擊，在環保要求日益嚴格，以及晶圓擴廠潮帶動下，三福化相關收入看升。",2026-02-20,經濟日報,https://money.udn.com/money/story/5607/9339151
台積電創新天價1935元 台股漲逾600點首登34000點,"本文共585字

中央社 記者鍾榮峰台北23日電

台股今天農曆馬年開紅盤走高，首度突破34000點大關，電子和金融指數強勢表態，權王台積電翻紅勁揚，盤中觸1935元新天價，市值攀至新台幣50.17兆元，台股盤中最高觸34212.38點，創盤中歷史新高，大漲606.67點，之後漲幅漸收斂，仍站穩34000點之上。

至10時29分，加權指數34059.03點，上漲453.32點，漲幅1.35%，成交值放大至新台幣5210.89億元，櫃買OTC指數盤中漲2%，電子指數漲1.17%，金融指數漲2.76%。電子指數盤中觸2109.54點，再創歷史新高，金融指數觸2580.91點，也創盤中新高。

台達電盤中攻上1380元新高，大漲9.5%，之後漲幅收斂仍漲逾6%，記憶體族群南亞科盤中漲6%，華邦電觸漲停116元，旺宏早盤觸漲停108元，盤中漲8%。聯發科盤中跌1.6%，力積電漲8%。國巨鎖漲停281.5元，欣興鎖漲停405.5元。

股價超過千元的高價股漲跌互見，站穩「33千金」。

台新台灣優勢成長主動式ETF基金經理人魏永祥表示，雖然關稅風波再起，但市場認為影響有限，加上春節過年期間國際股市及美股半導體指數走強，帶動台股今天開紅盤補漲行情，衝破34000點大關，再創歷史新高。

展望後市，魏永祥分析，雖然短線受關稅變數影響，台股可能趨於震盪，但中長線來看，今年台股企業獲利成長可期，扎實基本面提供台股多頭續航的火種。",2026-02-20,經濟日報,https://money.udn.com/money/story/5612/9338797
台積電神山護房市 「科技買盤」領頭點火中部新案開紅盤,"本文共1062字

經濟日報 記者宋健生／台中即時報導

護國神山台積電（2330）持續扮演台灣經濟火車頭角色，不僅帶旺整體產業供應鏈，擴廠動作更為區域房市注入實質動能。隨著中科二期園區於去年底動工，不少台積電工程師提前卡位中部住宅市場，市場也傳出鴻勁精密（7769）員工團購的消息，業界推估，這波「科技買盤」有望成為房市首批春燕，為中部市場率先捎來回溫佳音。

台積電中科二期園區不僅作為1.4奈米先進製程新廠，其中第四座廠可能推進至更先進的1奈米製程，未來可望成為全球重要的AI晶片生產重鎮。外界預估新園區員工規模約落在8,000至1萬人之間，伴隨研發、製造與供應鏈人力同步進駐，新一波住宅需求正悄然浮現，為中部房市增添長線支撐動能。

如台中14期重劃區緊鄰74號快速道路，可便利進出中科園區並串聯國道一號，各項大型機能建設如漢神洲際購物中心、台中巨蛋將陸續到位，成為科技新貴青睞優選區域。新春期間傳出有南部科技高階主管因工作調派未來將舉家遷往台中，選定預售別墅案「雅敦崇德序3」一家三代入住。

「雅敦崇德序3」位在榮德路、陳平路口，10分鐘車程內可以抵達衛道中學、馬禮遜美國學校、水湳中央公園與公路匝道，產品規劃4房至5房、地上5層透天別墅，正好符合跨三代人口數居住需求，該案總價落在4,538萬至7,000萬元之間，銷售破五成；科技業已購占30%，台積、鴻勁員工都有購買，還有正在洽談中。

「雅敦崇德序3」銷售破五成，科技業已購占30%，台積、鴻勁員工都有購買。 業者提供

北台中時尚生活聚落「機捷特區」，同樣也是年輕科技族群鍾愛的生活區域，除了便捷的交通網絡、美式量販店好市多之外，最新品牌餐飲、商場接連展店，成為生活機能與住房行情的強勁支撐。如區內新案「大城光年」已購客有三成以上具有科技相關背景，而其中來自新竹、苗栗的買家，即是看準后科、中科的交通串聯而來。

市場近日也傳出，鴻勁精密員工團購雙橡園開發建案的消息，雙橡園不願證實，但表示科技業包括台積電的中高階主管，確實是主力客層之一，鴻勁精密員工也有陸續成交。

此外，位在南屯區文心路與五權西路口的「亞昕（5213）織御」，挾「出站即到家」的絕對優勢也吸引不少科技買盤搶進，自去年底開始，就出現不少衝刺年終紅包行情的科技從業人員前來賞屋，主打1至3房小坪數捷運宅，滿足可租可住的多元需求。實價登錄單價站穩7字頭，最高單價亦有每坪75.8萬元行情。

台中市建築經營協會市場資訊主委白洪章分析指出，近期台股走揚，確實可能對房市資金產生一定分流效果，不過，相較於資金面的波動，科技業擴廠所帶動的就業人口進駐，才是更具支撐力的實質居住剛需來源。建商能否精準掌握科技族群的居住偏好與生活需求，將成為是否成功承接買盤的重要關鍵。",2026-02-20,經濟日報,https://money.udn.com/money/story/5621/9338782
"開紅盤！台積電再飆天價 盤中衝1,935元、市值衝上50兆元","本文共628字

經濟日報 記者楊伶雯／台北即時報導

台股23日馬年開紅盤，大盤指數以33,663.02點開出，上漲57.31點，盤中一度衝達34,212.38點，大漲606.67點，權王台積電（2330）早盤以1,900元，下跌15元，股價開低後翻紅，一度拉升至1,935元，上漲20元，市值衝上50兆元，達50.17兆元，寫下歷史新高。

台股農曆春節封關期間，美股四大指數中，僅費城半導體指數上漲1.89%，道瓊工業指數、標普500指數、那指分別下跌1.12%、0.47%、0.93%，台積電ADR則是上漲2.38%。

台股23日馬年開紅盤，大盤指數開高走高，衝上34,000點，持續刷新歷史新高，台積電早盤則是先開低再翻紅， 盤中一度衝達1,935元，股價及市值都創新高；權王台積電蛇年封高創高，統計蛇年上漲780元，漲幅68.72%，市值激增20.22兆元，馬年開紅盤持續往上飆高，朝2,000元關卡挺進。

台積電在先前法說會時已釋出第1季財測，預估美元營收346億美元至358億美元、中間值約352億美元，季增約4.4%；毛利率63%至65%、營益率54%至56%，匯率假設基礎為1美元兌新台幣31.6元。

台積電董事長魏哲家先前也在法說會預告，AI應用帶動半導體產業持續暢旺，台積電2026年又將是強勁成長的一年，持續超越產業表現，預估美元營收年增近3成。台積電2025年美元營收創新高，2026年持續成長，可望再創新高。

台積電1月營收首度突破4,000億元大關，單月營收4,012.55億元，創歷史新高。",2026-02-20,經濟日報,https://money.udn.com/money/story/5607/9338719
台積電衝1935元創新天價 市值突破50兆元,"本文共365字

中央社 記者張建中新竹23日電

台股今天馬年開紅盤，晶圓代工廠台積電開低震盪走高，盤中攀高至1935元，創下新天價，市值突破新台幣50兆元關卡。

台股春節休市期間，美股在2月10日至20日震盪整理，道瓊工業指數下跌562.17點，跌幅約1.12%；費城半導體指數上揚153.29點，漲幅1.89%，表現相對強勢，台積電美國存託憑證（ADR）上漲約2.38%。

台股今天馬年開紅盤，走勢強勁，加權指數突破34000點創下歷史新高。台積電開低震盪走高，以1900元開出，下跌15元，隨著買盤湧入，台積電股價由黑翻紅，一度達1935元，創下新天價，上漲20元，市值攀高至50.17兆元，貢獻大盤約160點。

台積電受惠人工智慧（AI）對先進製程及先進封裝需求強勁，1月營收創下歷史新高，達到4012.55億元，台積電預期，今年營運可望持續強勁成長，美元營收將成長接近30%。",2026-02-20,經濟日報,https://money.udn.com/money/story/5607/9338659
台積電早盤震盪 台股開紅盤觸33992點創盤中新高,"本文共249字

中央社 記者鍾榮峰台北23日電

證券法人指出，台股今天開紅盤，技術指標黃金交叉向上，代表短線動能強，有實質買盤支撐，後續關注美國總統川普對各國改課徵15%全球性關稅、OpenAI算力支出下修等因素影響。

其他電子權值股鴻海漲約1%，聯發科下跌5元至1850元，台達電漲逾4%，日月光投控漲逾3%，記憶體南亞科漲超過5%，華邦電漲逾8%，旺宏逼近漲停108元。力積電漲逾5%。

台股今天農曆馬年開紅盤走高，逼近34000點大關，早盤最高33992.16點創盤中歷史新高，上漲386.45點，權值股龍頭台積電於平盤1915元附近震盪。

※ 歡迎用「轉貼」或「分享」的方式轉傳文章連結；未經授權，請勿複製轉貼文章內容",2026-02-20,經濟日報,https://money.udn.com/money/story/5607/9338531
"馬年開紅盤！台達電一馬當先、台積電開低回穩 大盤創高突破34,000關","本文共961字

經濟日報 經濟日報 記者李慧蘭／台北即時報導

台股在春節封關期間，美股四大指數中，僅費城半導體指數上漲1.89%，道瓊指數、標普500指數、那指分別下跌1.12%、0.47%、0.93%，但台積電（2330）ADR仍上漲2.38%。台股23日馬年開紅盤開高57.31點、報33,663.02點，隨後在台積電開低翻紅回穩，加上台達電（2308）、台光電（2383）、南亞科（2408）、欣興（3037）等電子權值要角聯袂揚升拉抬，漲點快速放大至逾350點、大盤突破34,000點大關。

五大權值股表現上，台積電開低15元、報1,900元；台達電開高60元、報1,320元；鴻海（2317）開高2.5元、報229.5元；聯發科（2454）開高25元、報1,880元；日月光投控（3711）開高21.5元、報376元。

族群方面，記憶體由華邦電（2344）、旺宏（2337）雙漲逾7%領軍上攻；矽光子有上詮（3363）快攻漲停，穩懋（3105）、波若威（3163）、汎銓（6830）等聯袂強漲；。

回顧台股蛇年封關日表現，在台積電盤中飆上1,925元天價帶動下，大盤狂漲532.74點，收在33,605.71點歷史新高，成交量放大至6,740.77億元。總結金蛇年，台股全年大漲10,080.3點、漲幅42.84%；台積電則強彈780元、漲幅達68.72%，雙雙寫下史上最狂封關紀錄。

籌碼面上，三大法人2月11日合計買超578.26億元，包括外資買超523.6億元、投信買超40.93億元、自營商買超（合計）13.73億元。累計蛇年，三大法人合計賣超6,454.2億元，其中僅投信買超292.8億元，外資則連續兩年大幅賣超、再砍5,158.6億元，自營商亦同步減碼1,588.4億元。

資深證券分析師指出，統計近10年數據，農曆年後開紅盤勝率達7成，後10日更高達9成。看好馬年多頭，建議首選台積電等權值股與AI供應鏈，另，金融股受惠降息趨勢、IC設計（MCU與電源管理）及DRAM族群亦具創高潛力，投資人可分批布局。

此外，台股年後五大重磅盛事陸續登場，包括2月25日輝達財報、3月2日至5日MWC展、3月中旬美銀亞洲科技論壇、3月16日至19日輝達GTC大會、3月23日至26日2026太空衛星年度大展。法人看好，五大利多題材連發，將激勵資金湧入相關供應鏈，添增元宵行情多頭氛圍。",2026-02-20,經濟日報,https://money.udn.com/money/story/5607/9338516
春節封關台積電ADR勁揚 法人：台股開市挑戰34000點,"本文共1061字

中央社 記者鍾榮峰台北23日電

台股農曆春節封關11天，期間美股費城半導體指數漲1.89%，台積電ADR勁揚2.38%。美國最高法院20日推翻總統川普關稅，川普最新發文宣布將把全球關稅提高至15%。台股今天農曆馬年開市，法人評估有機會補漲挑戰34000點新高，以及歷年春節後開紅盤最大漲點。

投顧法人分析，美國政府關稅政策可「換劇本」，透過更制度化的方式推進關稅，川普新關稅政策對台股影響有限，其中春節封關期間台積電ADR上漲，台股今天開盤可正向看待，台積電現貨有機會補漲，帶動電子股和台股走勢。

展望台股本週動向，法人表示，重頭戲關注輝達（NVIDIA）美國時間25日公布財報及對於今年人工智慧（AI）產業展望，此外，欣興、國巨、台達電、光寶科、緯穎等電子大廠，本週也將舉辦法人說明會，釋出對產業景氣最新看法。

根據統計，台股2016年至2025年近10年農曆年後開紅盤日表現，加權指數有7年上漲、3年下跌，上漲機率達7成，平均漲幅約0.57%。

台股從2月11日封關至2月22日，根據統計，美股道瓊指數期間跌幅約1.12%，標普500指數跌幅約0.47%，那斯達克指數跌幅約0.94%，費城半導體指數勁揚1.89%。韓國股市期間漲近8.5%，日本股市跌1.43%。

台積電美國存託憑證（ADR）上週五收370.54美元，勁揚2.82%。在台股封關期間，台積電ADR漲幅約2.38%，日月光投控ADR上漲6.54%；輝達（NVIDIA）漲0.68%，美光（Micron）大漲14.71%。

美國最高法院20日裁定，總統川普在2025年實施廣泛的全球性關稅無效，川普在最高法院裁定後立即簽署一項公告，援引另外法條對全球各國徵收10%進口關稅；不過川普最新發文宣布，將把全球關稅提高至15%，未來幾個月，川普政府將發布全新且符合法律規範的關稅。

上週五美股收紅，道瓊工業指數上漲230.81點或0.47%，收49625.97點，標普500指數漲47.62點或0.69%，收6909.51點。那斯達克指數上漲203.34點或0.90%，收22886.07點。費城半導體指數上漲87.11點或1.07%，收8260.42點。

台股2月11日農曆蛇年封關，終場收33605.71點續創台股收盤新高，蛇年累計大漲10080.3點，突破龍年上漲5429.34點的農曆年漲點紀錄，台股蛇年封關首度站在33000點大關之上，創下台股史上最高封關點位。

在台指期淨部位，三大法人11日淨空單增加1150口，淨空單部位621口，其中外資淨空單增加2781口至2萬7665口。",2026-02-20,經濟日報,https://money.udn.com/money/story/5618/9338479
搶年後紅包行情 台積電、南亞科、台光電等16檔有望啟動補漲,"本文共948字

經濟日報 記者高瑜君／台北即時報導

儘管貿易戰紛紛擾擾一波未平一波又起，吹皺一池春水，為台股的上攻行情增添一些變數，但法人仍然對於台股金馬年開紅盤行情日表現有信心，基於台股休市期間，富台期、台積電ADR、美光等均紛紛有不錯的表現下，看好三大區塊：ADR、記憶體、亞馬遜及輝達概念股，如台積電（2330）、南亞科（2408）、台光電（2383）等有機會啟動開紅盤補漲，是投資人可以多加留意的年後搶紅包行情股。

綜合兆豐投顧董事長李秀利、富邦投顧董事長陳奕光看法，美國最高法院否決川普用IEEPA課徵關稅後，川普將簽署行政命令加徵新的10%全球關稅，讓市場理性看待開紅盤行情，然目前台股匯聚的利多仍大於利多，市場焦點將逐步回歸基本面，台股指數短線上檔區間預計落在33,600點至34,500點間，仍看好台股將再度刷新歷史新高紀錄，留意本周僅四個交易日、台指期結算、輝達財報數據及財測展望、MSCI季度調整生效影響。

觀察ADR族群在台股休市期間表現，以友達（2409）ADR累計漲10.1%最多、日月光投控（3711）ADR漲6.5%、聯電（2303）ADR漲4.9%、台積電ADR也漲2.3%，將有望帶動友達、日月光投控、聯電、台積電現股在開紅盤日啟動補漲。

台股休市期間表現，美股四大指數呈現漲跌互見，費城半導體指數累計上漲1.8%，S&P 500指數、NASDAQ指數以及道瓊指數累計跌幅介於0.4%至1.1%間，主要個股中，美股七巨頭同樣呈現漲跌互見的表現，以亞馬遜漲1.5%最多、輝達也漲0.6%，相關如台光電、台達電（2308）、智邦（2345）、金像電（2368）等的AWS概念股、輝達概念股、半導體族群等將有機會跟漲。

國際主要個股中，與台股連動相對較高的則有美光漲14.7%、海力士半導體10.3%表現突出，在海外股票ETF中，持有美光比重較高的ETF包含兆豐洲際半導體8.3%、主動統一全球創新7.2%、主動元大AI新經濟5.03%，而國泰臺韓科技則持有海力士半導體比重達13.3%，也將會是盤面焦點ETF。",2026-02-20,經濟日報,https://money.udn.com/money/story/5607/9338440
台積電 ADR 封關期間漲逾2% 台股金馬年開紅盤蓄勢衝關34K,"本文共977字

經濟日報 記者周克威／台北報導

台股今（23）日為金馬年開紅盤日，雖美國高等法院裁定對等關稅無效後，美國總統川普宣布課徵15％全球臨時關稅，但市場評估對半導體等產業影響有限，再加上台積電（2330）ADR在台股封關期間上漲2.38%，市場專家看好，今日指數仍有機會上衝34,000點，再創歷史新高。

富邦投顧董事長陳奕光、永豐投顧總經理黃柏棠表示，雖川普關稅政策恐再掀波瀾，也強調將透過201、232、301等法源接力維持關稅政策力度，對已簽署協議的台灣等國家來說，未來較可能獲得相對穩定待遇，再加上這些關稅政策並不影響AI需求，今日開紅盤焦點，將在美股於封關期間表現、及台積電ADR漲跌等走勢上。

其中，台積電ADR在台股春節封關期間，總計上漲2.38%，若漲勢完全反映在現貨股價上，以台積電（2330）蛇年封關收盤價1,915元計算，今日開紅盤日，有望來到1,960元，並貢獻大盤380漲點，帶動大盤上攻33,950點，若其它權值股配合上漲，衝上34,000點大關的機率濃厚。

台新投顧總經理江浩農、統一投顧董事長黎方國也表示，除台積電ADR上漲的有利因素外，韓股在三星等記憶體股大漲激勵下強揚8.48%、並創下歷史新高，加上富台指也在封關期間上漲2.64%，有利開紅盤時，指數就站上34,000點大關。

不過市場專家也提醒，由於中東緊張情勢升溫，再加上通膨等數據不佳，市場對聯準會今年降息路徑看法逐漸分歧，也導致近期美元指數轉強，資金出現由股轉債跡象中，指數在接近34,000點大關後，震盪將轉趨激烈，投資人宜提高風險意識來因應。

台股蛇年封關日大漲532點、收33,605點，創下歷史新高。由於指數站上所有均線，表現相當強勢，因此春節封關期間美股走勢，牽動今日新春開紅盤的多頭信心。統計封關期間美股四大指數，道瓊跌1.12%、那斯達克跌0.94%、標普500跌0.47%，與台灣科技股連動度最高的費半指數則漲1.89%。

美股上周五（20日）雖因總經表現不如預期，一度拖累四大指數下跌，但隨後在美國聯邦最高法院認定川普關稅違憲，帶動四大指數由黑翻紅。儘管川普隨後表示，將根據122條款簽署命令，將徵收10%全球性關稅，24日起開始課徵，但無礙美股漲勢；川普最新又宣布，將全球關稅再提高至15%。",2026-02-20,經濟日報,https://money.udn.com/money/story/5607/9338237
台積電ADR漲2.38% 分析師估美新關稅對台股影響有限,"本文共1070字

中央社 記者何秀玲台北22日電

在2月11日至20日的春節假期休市期間，美股呈現區間震盪整理，道瓊、標普與那斯達克指數小幅回檔，費城半導體指數上漲1.89%；由於台股明天農曆馬年開紅盤，針對美國總統川普新關稅政策變數，分析師評估，若從稅率來看，對台灣影響不是很大，預期對台股影響相較中性。

美股20日市場消化美國最高法院裁定部分關稅措施無效，以及總統川普表示將祭出新關稅措施等訊息，道瓊工業指數終場上漲230.81點，或0.47%，收在49625.97點。標準普爾500指數上漲47.62點，或0.69%，收在6909.51點。以科技股為主的那斯達克指數則上漲203.34點，或0.90%，收在22886.07點。費城半導體指數上漲87.110點，或1.07%，收在8260.414點。

台股春節休市期間，美股在2月10日至20日間呈現震盪整理格局，道瓊工業指數區間下跌562.17點，跌幅約1.12%；標準普爾500指數下跌32.3點，跌幅約0.47%；以科技股為主的那斯達克指數下跌216.41點，跌幅約0.94%。

費城半導體指數則逆勢走揚，上漲153.29點，漲幅約1.89%，為四大指數中表現最佳。台積電ADR於春節長假期間漲幅為2.38%。

此外，回顧台股2016年至2025年近10年農曆年後開紅盤日表現，加權指數有7年上漲、3年下跌，上漲機率達7成，平均漲幅約0.57%。

近年台股持續創高，指數波動幅度明顯放大，2023年兔年紅盤日大漲560.89點、漲幅3.76%；2024年金龍年紅盤日再漲548.50點、漲幅3.03%；但2025年蛇年受中國新創公司DeepSeek發布低成本AI模型，以及美國對墨西哥、加拿大、中國課徵關稅衝擊，開紅盤日重挫830.7點、跌幅達3.53%。

由於美國最高法院20日裁定，川普2025年實施廣泛的全球性關稅無效，對美國和其他國家達成的貿易協議產生變數。不過，川普在最高法院裁定後立即簽署一項公告，援引另外的法條對全球各國徵收10%進口關稅；他今天更發文宣布，將把全球關稅提高至15%，未來幾個月，將發布全新且符合法律規範的關稅。

市場普遍預期，台灣晶片與電子零件等為主要輸美項目，屬於免徵關稅豁免條款，僅小部分產品會受判決的影響。

資深證券分析師簡伯儀向中央社記者表示，春節期間國際股市大多呈現上漲，美國費城半導體指數及韓國指數上漲幅度較大，研判台股開紅盤時，有利於電子股。

至於川普新關稅政策，簡伯儀認為，若從稅率來看，對台灣影響不是很大，預期對台股影響相較中性，指數應該有機會持續走高，建議以相關的電子股為主，操作上仍是偏多看待。",2026-02-20,經濟日報,https://money.udn.com/money/story/123398/9337421
AI驅動半導體再創新高 台積電晶圓代工獨霸地位穩,"本文共909字

中央社 記者張建中新竹22日電

人工智慧（AI）需求強勁，可望推升全球半導體2026年營收再創歷史新高，將達到約1兆美元。台積電是AI大趨勢下主要受惠者，2026年美元營收將成長接近30%，增幅再度超越業界平均水準，穩居晶圓代工霸主地位。

全球半導體營收繼2025年成長超過2成水準後，研調機構世界半導體貿易統計組織（WSTS）與Omdia預期，2026年半導體營收可望延續成長趨勢，再創歷史新高。WSTS預估，2026年半導體營收將達到9750億美元； Omdia更預期，有機會超過1兆美元大關。

WSTS及Omdia認為，記憶體和邏輯IC是2026年半導體營收主要成長動能，受惠於資料中心伺服器和記憶體強勁需求，以及記憶體價格上漲。

若不計記憶體和邏輯IC，半導體2026年營收增幅將自30.7%驟降至8%左右。顯示半導體營收成長高度集中於AI相關需求驅動，而不是傳統的消費或工業領域。

半導體矽晶圓廠環球晶指出，2026年半導體仍會是非常好的一年，但是不同應用領域及製程技術會有差別，AI依然是半導體的重要驅動力。

在AI基礎建設需求強勁，雲端服務供應商（CSP）對記憶體採購力道超乎預期強勁推動下，記憶體市場罕見出現傳統硬碟、動態隨機存取記憶體（DRAM）和儲存型快閃記憶體（NAND Flash）同步缺貨的熱況，報價漲勢前所未見。

DRAM過去單季漲幅最高約35%，2025年第4季DRAM漲幅則達到53%至58%。市調機構集邦科技預期，2026年第1季DRAM漲幅可望進一步超過60%，第1季NAND Flash也將上漲55%至60%；2026年記憶體產值有望激增134%。

台積電挾邏輯製程技術和先進封裝技術領先優勢，大啖AI繪圖處理器（GPU）和特殊應用晶片（ASIC）代工商機，2026年營運可望持續強勁成長，美元營收成長將接近30%，增幅持續高於包含邏輯晶圓製造、先進封裝、測試、光罩製作等晶圓製造2.0產業的14%水準。

台積電預估，AI加速器營收於2024年至2029年複合成長率可望高達54%至59%，是營收成長的最大動能。據國際數據資訊（IDC）預期，台積電2026年占全球晶圓代工市占率將達73%，穩居晶圓代工龍頭寶座。",2026-02-20,經濟日報,https://money.udn.com/money/story/5612/9337293
美股翻紅 台積電ADR溢價22% 投資人屏息靜待輝達財報,"本文共426字

經濟日報 編譯劉忠勇／綜合外電

美國股市20日一度下跌後又一路上漲，美國最高法院推翻川普全面性對等關稅，川普隨即表示將對全球加徵10%關稅。然關稅震撼難撼美股漲勢，那斯達克指數終結周線連五黑，投資人持續消化關稅判決影響之餘，也屏息靜待攸關人工智慧（AI）走勢的輝達（NVIDIA）財報。

標普500指數20日上漲0.7%，道瓊工業指數和那斯達克綜合指數各漲0.5%和0.7%。一周下來，標普500指數上漲 1.1%，那斯達克漲1.5%，結束連五周、2022年以來最長周線連跌紀錄。

費城半導體指數20日上漲1.1%；台積電（2330）ADR大漲2.8%，一周來上漲1.1%，較台北交易溢價將近22%。

原本因股價偏高疑慮而下挫的大型科技股，上周也大幅反彈。亞馬遜上漲5.7%，輝達勁揚3.8%，蘋果（Apple）攀升3.4%，Meta上漲2.5%。

最高法院判決出爐後，對貿易敏感的個股紛紛走揚。Lululemon、玩具製造商美泰兒及折扣連鎖店 Five Below周線漲幅均超過 4.5%。",2026-02-20,經濟日報,https://money.udn.com/money/story/123398/9336985
AI 科技大戰隊 金馬年奔騰 台積電、廣達等前景佳,"本文共1402字

經濟日報 本報綜合報導

2026年科技產業仍以AI為主軸，半導體、電子代工扮關鍵要角，順勢帶動記憶體、PCB、散熱、電源等次產業出貨持續強勁，周邊設備也跟著旺，台積電（2330）、鴻海（2317）、廣達（2382）、南亞科（2408）、臻鼎-KY（4958）、雙鴻（3324）、台達電（2308）等迎來金馬奔騰的一年。

台積電是AI半導體火車頭，在輝達、超微持續推出新AI晶片平台，以及各大雲端服務供應商（CSP）加大力道投入自研ASIC晶片，帶動台積電高階製程產能供不應求，業績強強滾。

台積董事長魏哲家預告，2026年又是台積電強勁成長的一年，預估全年美元營收將年增近三成，再創新高。

台積電先進製程產能爆滿，後段封測產業同步強勁，在AI、高效能運算（HPC）與記憶體（HBM／DDR5）需求帶動下，CoWoS、扇出型封裝等先進封裝技術產能全面變現，邁入結構性高成長周期，指標廠日月光投控、京元電受惠大。

第三大兆元產業的PCB族群同樣受惠AI商機。機構預估，2026年台廠PCB產值可望再衝高，突破1.3兆元大關，業界看好，PCB龍頭臻鼎-KY、載板龍頭欣興、伺服板龍頭金像電、HDI龍頭華通、健鼎、景碩等營運看俏。

隨著AI新世代平台帶動銅箔基板（CCL）材料升級趨勢持續，台光電、台燿、聯茂與騰輝等挹注產業產值提升，法人看好，2026年相關PCB族群配息同步挑戰新高。

AI帶動龐大運算存儲需求，大幅消耗記憶體產能，使得記憶體市場2025年起開始走入超級循環的上升期，2026年市況熱潮延續，南亞科、華邦、群聯、威剛等業績熱轉。業者普遍預期，三星、SK海力士、美光等記憶體三大原廠已通知今年產能銷售一空，2026全年缺貨態勢確立，DRAM與NAND Flash價格早已無法回頭，沒有跌價問題。

IC設計類股中，市場聚焦雲端ASIC業務。雲端ASIC業務主要是雲端服務供應商在建置資料中心過程中，透過與ASIC設計服務業合作，開發自研晶片，追求總體擁有成本（TCO）下降，國外指標廠商包括博通、邁威爾等，台系相關廠商中，以世芯-KY、創意與聯發科最受矚目。

代工廠今年持續擔綱AI世代重任。廣達、緯創、緯穎、英業達等代工廠2025年在AI伺服器商機全面加持下，全面繳出歷史新高成績單，今年接單將更暢旺，各大廠都喊出今年AI伺服器出貨將衝雙位數的目標。

隨CSP大廠擴大AI基礎建設，掌握電源管理及散熱的台達電扮演關鍵要角，光寶同步看好今年營運。尤其AI資料中心算力跳躍式成長，導入800V HVDC（高壓直流電）更是未來焦點，順勢點燃大商機。

針對800VDC推展進程，台達電董事長鄭平日前表示，800VDC電力架構已在後段確定中，採用固態變壓器（SST）的設計對客戶來說還不熟悉，不過能源效率要提升，轉換次數就要減少，「我們解決方案已準備好，就看客戶需求。」

因應資料中心液冷散熱需求，奇鋐及雙鴻今年同步積極擴產支應，雙鴻董事長林育申看好，液冷時代已正式來臨，未來電力即算力，算力即國力，市場對AI資料中心的需求只會有增無減，隨AI平台功耗愈來愈高，市場對散熱需求同步水漲船高，有助於產業迎來大好商機。（記者蘇嘉維、尹慧中、鐘惠玲、李孟珊、陳昱翔、李珣瑛、蕭君暉、吳凱中、劉芳妙）",2026-02-20,經濟日報,https://money.udn.com/money/story/11162/9336817
台積電2026年資本支出再創新高 「廠務設備」接單強強滾,"本文共337字

經濟日報 記者李珣瑛／新竹報導

台積電（2330）2026年資本支出估計高達520億至560億美元，再創新高，伴隨記憶體廠加碼擴產投資，推升廠務設備業者金馬年接單強強滾，漢唐（2404）、亞翔（6139）、帆宣（6196）、洋基工程（6691）等2026年營運可望持續衝高。

漢唐是台積電重要協力廠，現階段在手訂單逾千億元。亞翔通吃聯電、美光等半導體廠訂單，累計在手訂單衝上2,084.9億元創新高。亞翔董事長姚祖驤表示，受惠半導體及公共工程兩大成長動能，營運展望審慎樂觀。

帆宣搭上台灣先進封裝設備出貨放量，及美、日、德與星國晶圓廠建廠工程陸續啟動熱潮，在手訂單處於高檔。帆宣董事長高新明直言，要消化這批訂單，「大家都要忙到2026年之後了。」

洋基工程在手訂單上看550億元新高，展望2026年業績持續喊衝。",2026-02-20,經濟日報,https://money.udn.com/money/story/11162/9336820
AI 旺旺旺2／台積電、日月光、聯發科攻 AI 各有手段,"本文共977字

新功能 訂戶專屬分享 點擊這裡展開專屬分享視窗，即可將付費文章分享給任何人免費閱讀！ 我知道了

', ' ', ' ', ' ', ' ', ' ', ' ', ' ', ' ', ' ', ' ', ' ', ' ', ' 00:00

2026/02/21 10:40:43

經濟日報 記者朱子呈 ／台北報導

AI同樣旺，但三家公司在法說會透露的重點其實是三句不同的話：台積電（2330）用資本支出把「算力供給」做成可交付的產能曲...",2026-02-20,經濟日報,https://money.udn.com/money/story/11162/9326364
台積電馬年10座晶圓廠將「發爐」 英媒大力點讚,"台積電正在加速國內製造擴張，2026年台灣各大科學園區可能有多達10座晶圓廠正在興建或準備投產。（法新社）

〔財經頻道／綜合報導〕台積電正在加速國內製造擴張，業內人士表示，到2026年，台灣各大科學園區可能有多達10座晶圓廠正在興建或準備投產。英媒New electronics周一（23日）報導，這一發展反映這家晶片製造商在全球需求不斷增長的情況下，努力擴大先進製程技術和封裝產能的決心。

根據供應鏈報告，台積電目前的重點仍是尖端製程，包括 2nm（奈米）、A16和A14。新竹寶山Fab 20 內的P3和P4工廠正在進行前期工程工作，這些工廠將作為2nm以下製程技術的生產基地。

請繼續往下閱讀...

台積電於2025年底開始量產2奈米製程，Fab 20（位於台積電全球研發中心旁）和新建成的位於高雄的Fab 22同時投產。 Fab 20目前已進入穩定生產階段，預計月產量在2萬至2.5萬片晶圓之間。

在台灣中部科學園區，台積電正在建造Fab 25，作為其1.4nm製程中心。園區計畫興建四座晶圓廠，樁基工程已於2025年底啟動。預計風險試產將於2027年底開始，隨後於2028年下半年全面量產。

該地區在先進封裝領域也將扮演核心角色。位於台中的AP5B工廠計劃於2026年竣工，而位於嘉義的AP7 P1封裝工廠的建設也正按相近的時間表推進。隨著下一代晶片設計對後端製程的要求日益複雜，這些項目將進一步鞏固台灣中部作為重要封裝生產中心的地位。

在高雄，作為台積電2nm製程工程核心的Fab 22工廠，多個建設階段正在並行推進。 P1工廠已於去年下半年投入量產，P2工廠已完成設備安裝並開始試生產，P3工廠的結構建設也已基本完成。 P4和P5工廠的建設工作也在進行中，預計所有五座工廠將於2027年第四季全面投入營運。

台南正逐漸成為先進製程擴張的另一個戰略要地。為了滿足日益增長的2nm產能需求，台積電計畫在台南A區追加投資。如果其P1項目在4月通過環境評估，最快可能在5月開工。

台積電的擴張得益於資本支出的大幅成長。今年1月，該公司預計2026年的資本支出將在520億至560億美元之間，年增約30%。這項投資激增凸顯台積電不僅在台灣，而且在美國和日本等海外項目上的投資規模。

一手掌握經濟脈動 點我訂閱自由財經Youtube頻道

不用抽 不用搶 現在用APP看新聞 保證天天中獎 點我下載APP 按我看活動辦法",2026-02-23,自由時報,https://ec.ltn.com.tw/article/breakingnews/5349011
金馬年股匯開紅盤！新台幣一度勁揚逾1角收31.462元,"新台幣一度勁揚逾1角收31.462元。（記者陳梅英攝）

〔記者陳梅英／台北報導〕金馬年股匯開紅盤！台股盤中氣勢如虹、一度大漲逾600點，尾盤雖然台積電下殺拖累大盤指數漲點縮小，但仍收漲逾百點。新台幣兌美元匯率則是一舉升破31.5元大關，在熱錢回流下，盤中最高升抵31.417元、勁揚逾1角，尾盤升幅收斂，最後收在31.462元，升值5.6分，成交量爆出22.19億美元大量。

台股今日上漲167.55點，收在33773.26點，三大法人雖合計賣超51.43億元，但外資買超83.52億元。

請繼續往下閱讀...

新台幣匯價早盤以31.5元、升值1.8分開出，盤初一度陷入整理，隨台股漲勢擴大、主要亞幣同步翻揚，新台幣匯價順勢轉強，升破31.5元關卡，午後在外資熱錢以及出口商拋匯需求同時湧入下，升勢猛烈，最高觸及31.417元、勁揚逾1角。

農曆春節期間，美國總統川普對等關稅被最高法院推翻，川普對法院判決不滿，並計劃實施新的全球15%關稅，市場正在評估新的關稅方案影響。週一亞洲電子盤美元指數走軟，激勵主要亞幣全面翻揚。

匯銀人士指出，週一亞洲電子盤美元指數雖然回落，但美國上週公布通膨數據不佳，市場認為聯準會短期內不可能降息，加上中東局勢緊張，預期美元仍有支撐，後續仍要提防美元轉強對台幣的影響。

另外，川普關稅變數仍高，投資人正重新衡量新關稅對全球供應鏈及台美貿易協議的影響，外資熱錢能否持續回流也有待觀察。

不過央行今年以來雙向調節策略奏效，目前來看，新台幣仍落在31.4元至31.7元區間內不變。

根據央行統計，新台幣今日升值0.18%，在2月13日至2月23日期間，美元指數則是上漲0.46%、日圓重挫0.71%、韓元大漲0.34%、新幣貶值0.04%，亞幣升貶不一。人民幣休市。

一手掌握經濟脈動 點我訂閱自由財經Youtube頻道

不用抽 不用搶 現在用APP看新聞 保證天天中獎 點我下載APP 按我看活動辦法",2026-02-23,自由時報,https://ec.ltn.com.tw/article/breakingnews/5348943
外資前10大賣超出爐！這檔馬年開紅盤反手倒貨逾5萬張 股價青筍筍,"馬年外資前10大賣超出爐！友達反手倒貨逾5萬張，股價青筍筍。（資料照）

〔財經頻道／綜合報導〕台股金馬年開紅盤，在ABF載板、記憶體扮要角，指數漲167點，收33773點新高，外資力挺台股，買超83.52億元，卻對電子股大提款，其中又以友達最慘，反手賣超逾5萬張，受此衝擊，股價下跌1.24%，收15.95元，成交量放大到50.24萬張。

外資週一（23日）賣超前10大個股，依序為友達（2409）5萬2028張、仁寶（2324）3萬4303張、旺宏（2337）3萬3889張、台積電（2330）1萬7558張、華航（2610）1萬6678張、燿華（2367）1萬3251張、定穎投控（3715）1萬27張、緯創（3231）5820張、華東（8110）5817張、宏碁（2353）5763張。

一手掌握經濟脈動 點我訂閱自由財經Youtube頻道

不用抽 不用搶 現在用APP看新聞 保證天天中獎 點我下載APP 按我看活動辦法",2026-02-23,自由時報,https://ec.ltn.com.tw/article/breakingnews/5348884
金馬年投信狂買電子！這檔外資投信同步掃貨 股價狂噴,"金馬年投信狂買電子！華邦電獲外資投信同步喊買，股價狂噴。（資料照）

〔財經頻道／綜合報導〕台股金馬年開紅盤，在ABF載板、記憶體扮要角，指數漲167點，收33773點新高，雖然投信開紅盤首日轉賣超20.23億元，不過，卻狂買電子股，其中又以華邦電最搶手，不僅居投信買超第1，外資也連2買，今再加碼近2萬張，在外資與投信喊買下，股價一度漲燈，終場收115元，漲9%，成交量達17.24萬張。

投信週一（23日）買超前10大個股，依序為華邦電（2344）4279張、台新新光金（2887）3588張、台玻（1802）2985張、南亞（1303）2736張、欣興（3037）2709張、台積電（2330）2354張、臻鼎-KY（4958）1530張、南亞科（2408）1238張、鴻海（2317）1184張、旺宏（2337）1179張。

一手掌握經濟脈動 點我訂閱自由財經Youtube頻道

不用抽 不用搶 現在用APP看新聞 保證天天中獎 點我下載APP 按我看活動辦法",2026-02-23,自由時報,https://ec.ltn.com.tw/article/breakingnews/5348853
想進台積電等半導體大廠上班 高雄大學開產線實務先修班,"換上無塵衣、走進半導體產線，高雄大學開產業先修班。（高雄大學提供）

〔記者蔡清華／高雄報導〕換上無塵衣、走進半導體產線，親眼看見晶圓製造、電路板與封裝測試實際運作，這樣的學習場景，已成為國立高雄大學企業半導體學程的重要日常，校方攜手台積電、臻鼎科技、華泰電子、日月光等產業夥伴，透過企業參訪與實務導向課程，讓學生在校期間即能接觸產業現場，提早理解半導體產業工作樣貌與分工結構，提早蓄積職場競爭力。

高雄大學校長陳啓仁指出，半導體產業已成為國家關鍵戰略，大學教育除傳授專業知識外，更肩負引導學生認識產業現況與職務樣貌的責任。他表示，高雄大學推動企業半導體學程，重點在於協助學生於學習階段建立對產業實務的正確認知，透過課程設計與企業合作，縮短學用落差，使學習能與實際工作情境有效銜接。

請繼續往下閱讀...

陳啓仁說，企業半導體學程以「晶圓製造—電路板與載板—封裝測試」的完整產業鏈為主軸，整合校內多系所既有課程資源，透過與企業端合作，讓學生在學期間逐步建立產業全貌的理解。

電機工程學系三年級學生李翊菱分享，過去在教室中繪製電路圖時，往往較少思考實際製程的限制，但當企業主管親自拿起實體電路板，說明極小線寬線距與設計取捨時，才真正意識到工程設計在產線中必須面對的現實條件。

高雄大學攜手企業開設半導體學程，學生在校期間即能接觸產業現場。（高雄大學提供）

同為電機工程學系三年級的閻廷宇則表示，換上無塵衣走進產線參觀，並親眼看到 PCB 板實體產品與製程流程，讓原本只存在於教材與實驗中的概念有了具體對照。

高雄大學表示，企業半導體學程以既有課程為基礎，學生修習相關課程後，可依不同企業學程規範，申請企業認列之學程證書，作為學習歷程的重要延伸。

一手掌握經濟脈動 點我訂閱自由財經Youtube頻道

不用抽 不用搶 現在用APP看新聞 保證天天中獎 點我下載APP 按我看活動辦法",2026-02-23,自由時報,https://ec.ltn.com.tw/article/breakingnews/5348651
金馬年開紅盤》ABF載板、記憶體扮要角 指數收33773點新高,"金馬年開紅盤在ABF載板、記憶體扮要角，指數收33773點新高。（記者田裕華攝）

〔財經頻道／綜合報導〕美國最高法院20日裁定，總統川普去年實施廣泛的全球性關稅無效，台股金馬年開紅盤在南亞科、華邦電、力積電、南電、景碩、欣興等電子股開盤大漲，指數開高漲57.31點，以33663.02點開出，在記憶體、ABF載板、矽智財、光電等電子股開盤勁揚，加上金融與傳產也普遍走揚下，指數開高走高，在台積電買盤進場，股價翻紅來到1935元，再刷天價，指數漲也跟著漲607點，來到34212點，再創新高，不過，在逢高調節釋出，台積電翻黑收跌15元，加上聯發科、宏碁、仁寶、緯創等電子股跳水下，指數漲勢收斂，終場漲167.55點，收33773.26點，雖失守3萬4千點，仍創收盤新高。

前10大成交額漲多跌少，台積電跌15元，收1900元，成交額1331.58億元，排名第1；聯發科跌60元，收1795元，成交額291.17億元，排名第2；台達電漲45元，收1305元，成交額280.62億元，排名第3；南亞科漲11元，收289元，成交額267.01億元，排名第4；欣興以漲停405.5元作收，成交額203.45億元，排名第5。

請繼續往下閱讀...

旺宏漲５元，收103.5元，成交額201.39億元，排名第6；華邦電漲9.5元，收115元，成交額196.17億元，排名第7；鴻海漲1.5元，收228.5元，成交額185.35億元，排名第8；力積電漲3.9元，收67元，成交額172.44億元，排名第9；日月光投控跌5.5元，收349元，成交額138.27億元，排名第10。

一手掌握經濟脈動 點我訂閱自由財經Youtube頻道

不用抽 不用搶 現在用APP看新聞 保證天天中獎 點我下載APP 按我看活動辦法",2026-02-23,自由時報,https://ec.ltn.com.tw/article/breakingnews/5348220
台積電上榜！外媒點名「這3檔」快抱緊、值得長期持有,"外媒點名3檔值得長期持有的股票。（示意圖，法新社）

〔財經頻道／綜合報導〕市場時常波動，最近的震盪更讓許多投資人重新思考該持有哪一些股票，以及哪些公司能夠經得起時間考驗。投資媒體《The Motley Fool》報導，雖然投資從來沒有絕對保證，但有三家公司憑藉其領先的技術地位，具備長期受惠的優勢，分別是輝達、Alphabet以及台積電，現在值得買進，並長期持有，以下為推薦原因。

1.輝達（NVIDIA）不會消失

許多人正在思考我們是否正處於AI泡沫之中，以及是否還適合買進輝達的股票。在趨勢末端盲目追高確實需要小心，但因為擔心泡沫而完全忽略輝達，可能反而是錯誤決定。原因在於科技公司持續增加對AI資料中心基礎建設的投入，這將推動對輝達處理器的需求。

請繼續往下閱讀...

舉例來說，Alphabet最近宣布將今年的資本支出提高一倍，最高達1850億美元；Meta表示支出幾乎翻倍，資本支出提高至1350億美元；而在幾天後，Amazon也宣布將今年支出提升至2000億美元。這些公司都指出，增加支出是為了擴建資料中心基礎設施與提升AI運算能力。

如果這些還不足以說服你考慮買進輝達，可以再看看估值。目前其本益比約為47倍，僅略高於科技產業平均本益比約43倍。

2.Alphabet（Google母公司）仍有充足成長動能

Alphabet在AI領域的第一個明顯成功產品是Gemini聊天機器人，目前每月活躍用戶已達7.5億人，較9個月前成長 67%。此外，公司近期與Apple達成新的合作協議，將讓Gemini成為下一代Siri的核心人工智慧模型。

這項合作未來幾年將為Alphabet帶來數十億美元收入，並以雲端運算合作形式進行。這些收入將進一步推動Google Cloud的成長。Google Cloud在第四季營收成長48%，達到177億美元。如前所述，Alphabet今年將資本支出翻倍，這將有助於公司在快速變動的AI市場中保持競爭力。對投資人而言，目前Alphabet的本益比僅約30倍，估值相對合理。

3.台積電（TSMC）：無論AI競爭誰勝出都能受惠

台積電是全球領先的半導體製造公司，市佔率高達70%。公司生產業界最先進的晶片之一，良率優於Samsung與Intel，因此常成為科技巨頭製造AI處理器的首選。若你想找一家具備長期競爭優勢的公司，可以參考Morningstar的研究，指出台積電受惠於重大科技趨勢所帶動的自然成長，可能持續數十年。

台積電已經因AI處理器需求大增而受惠。2025年營收成長30%，達1224億美元；每股美國存託憑證稀釋後盈餘成長47%，達10.65美元。公司管理層對未來發展充滿信心，並預估今年銷售額將再成長30%。此外，台積電目前本益比約為34倍，估值也相對合理。

一手掌握經濟脈動 點我訂閱自由財經Youtube頻道

不用抽 不用搶 現在用APP看新聞 保證天天中獎 點我下載APP 按我看活動辦法",2026-02-23,自由時報,https://ec.ltn.com.tw/article/breakingnews/5348580
美國台積寶寶誕生逾300名 台灣社群隨產業布局擴大,"美國台積寶寶誕生逾300名。（資料照）

〔中央社〕台積電赴亞利桑那州設廠，帶動台灣人才進駐，駐洛杉磯台北經濟文化辦事處表示，當地已誕生逾300名「台積寶寶」，台灣社群也隨產業布局而逐步擴大。

駐洛杉磯台北經濟文化辦事處今天舉行新春團拜，聯邦眾議員趙美心（Judy Chu）、加州州眾議員方樹強（Mike Fong）等多名民選官員出席。處長紀欽耀向中央社記者表示，台積電赴美設廠以來，台美雙邊貿易合作更加緊密。

請繼續往下閱讀...

駐洛杉磯辦事處不僅服務南加州40萬僑胞，亞利桑那州也是重要轄區，尤其台積電落腳鳳凰城以來，業務量明顯增加。

紀欽耀舉例，台積電外派工程師與家屬到美國之後，首要需求就是辦理駕照。台灣與亞利桑那州有駕照互換協議，台灣駕照必須到辦事處驗證之後，才能向當地監理機關申請亞利桑那州的駕照。

他指出，已有超過300名「台積寶寶」在美國出生，他們也都需要到辦事處驗證出生證明、辦理台灣護照，「我們希望提供台積電人員與眷屬最堅強的後盾，協助他們的生活更便利」。

紀欽耀指出，台積電計畫在美國投資1650億美元，這是美國有史以來規模最大的單一外國投資，也帶動上下游廠商進駐，可望逐漸形成產業聚落，朝向科技園區發展。

他表示，台美關係不斷有重大進展，政府也持續為國人與企業爭取最佳的發展機會；儘管關稅議題一度引發憂慮，但近日簽署「台美對等貿易協定」取得重要成果，使台灣對美經貿互動中保持優勢，在多國對美關係中具領先地位。

一手掌握經濟脈動 點我訂閱自由財經Youtube頻道

不用抽 不用搶 現在用APP看新聞 保證天天中獎 點我下載APP 按我看活動辦法",2026-02-23,自由時報,https://ec.ltn.com.tw/article/breakingnews/5348190
掌握AI新基建商機 中信009819鎖定算力電力雙主題獲准募集,"中國信託投信「中信美國數據中心及電力ETF基金」（009819）已獲准募集（中國信託投信提供）

〔記者李靚慧／台北報導〕生成式AI熱潮蔓延，市場重心已從傳統的交通、水利等「舊基建」，轉移至以算力為核心的「AI新基建」。中國信託投信將推出「中信美國數據中心及電力ETF基金」（009819），鎖定「算力」與「電力」兩大主題，強調在科技巨頭傾全力擴大資本支出的AI軍備競賽中，唯有掌握「大腦」與「心臟」，才能在這場基建革命中拔得頭籌。

中國信託投信表示，若將AI比作人體，數據中心負責複雜的資料處理與運算，扮演著「大腦」的角色；而電力則是支撐所有設施運作的「心臟」，負責提供運算所需的能源，兩者相輔相成，構成AI新基建的主架構。在雲端服務巨頭（CSP）逐年擴大資本支出的背景下，數據中心處於供不應求狀態。由於自建中心曠日費時，企業紛紛轉向外部租用算力，進而帶動相關題材股價表現大幅領先傳統基建股。

請繼續往下閱讀...

除了算力，中國信託投信指出，近期AI使用量大增，但用戶偶爾會遇到「AI幻覺」，也就是算力與傳輸力受限，導致必須降低運算消耗，卻使搜尋與生成結果不如預期、甚至出現錯誤，凸顯AI基礎建設仍跟不上使用需求。雖然AI正從各面向顛覆舊有生活方式，但便利的背後仍須仰賴龐大的網通基建設施，以突破傳輸高牆。因此，009819納入運算與電力，更涵蓋網通技術，確保投資組合能全方位捕捉AI運行的每一環節。

此外，AI強大的「耗電量」正引發一場能源危機。根據統計，單次AI搜尋的耗電量已超越傳統搜尋的20倍，而AI工廠數據中心的耗電量更是傳統中心的30倍以上。中信投信引用美國銀行（BOA）數據指出，在數據中心與機櫃設計趨向緊湊的驅動下，2030年之前美國電力需求將以17%的速度高速成長。目前從電力周邊設備到核心發電裝置，皆已出現供不應求的警訊。

中信投信提醒，相較於股價已處於高檔且散戶持股比例高的「半導體四巨頭」（輝達、台積電、艾斯摩爾以及超微半導體），同為AI革命推手的數據中心及電力企業，目前個人戶持股比重仍相對較低，堪稱市場上的「隱形寶藏」，是另一個值得投資人關注的重點。009819精選營收來自雲端與電力基建的產業龍頭，納入如全球能源設備巨頭奇異維諾瓦（GE Vernova）、網通晶片領頭羊博通（Broadcom）、光通訊新秀邁威爾（Marvell）等潛力群星。

一手掌握經濟脈動 點我訂閱自由財經Youtube頻道

不用抽 不用搶 現在用APP看新聞 保證天天中獎 點我下載APP 按我看活動辦法",2026-02-23,自由時報,https://ec.ltn.com.tw/article/breakingnews/5348555
台積電迎接AI大爆發 台灣投資建廠「馬力全開」,"台積電迎接AI大爆發，台灣投資建廠「馬力全開」。（資料照）

〔記者洪友芳／新竹報導〕馬年開工，台積電（2330）受惠AI對先進製程與先進封裝產能供不應求，在台灣投資建廠「馬力全開」，半導體供應鏈估計，台積電馬年在北中南三大科學園區建廠中或將動土興建共達10座之多。台積電先進製程獨霸全球，雖加碼投資美國，但美國建廠時程緩慢，供應鏈預期台灣仍是台積電先進製程與先進封裝主要投資量產的重心。

台積電位於竹科寶山晶圓20廠正進行P3、P4廠土建工程，這兩座12吋廠將作為2奈米以下的新世代製程量產基地；中科晶圓25廠將是1.4奈米先進製程生產基地，計畫興建4座廠，去年底已動工基樁工程，2027年底可望展開風險性試產，2028年下半年正式量產。

請繼續往下閱讀...

南科是台積電在台灣大投資擴產的重心，位於高雄楠梓的晶圓22廠是台積電2奈米製程的量產重鎮，P1廠於去年下半年量產，P2廠已完成設備裝機、進入試產，P3廠建築結構已大致就緒，P4廠、P5廠陸續動工興建。預期P1至P5廠可望於2027年第四季全面營運，2奈米聚落進展比預期快。

因應2奈米需求大爆發，台積電擬在台南特定區A區增加投資建2奈米廠，P1廠若四月環評通過，可望五月開始動工建廠，不過，供應鏈廠商認為，台南特定區目前屬於台南市政府管轄的範圍，市政府行政效率對建廠時程較會有變數。

此外，南科三期也有二座CoWoS封裝廠待興建，嘉義園區先進封裝新廠也可望開始動工，屏東科學園區的半導體供應鏈傳出預計年中將動工建廠。 台積電擴產需求旺，預期帶動廠務工程今年營運也將續成長。

美國聯邦最高法院日前裁定總統川普不得依據《國際緊急經濟權力法》（IEEPA）課徵關稅後，面對高等法院裁定對等關稅無效後，川普宣布改採《1974年貿易法》第122條對全球課徵為期150天的10%暫時性關稅，市場評估此對半導體等產業影響有限。台積電先進製程獨霸全球，雖加碼投資美國，但美國建廠時程緩慢，供應鏈預期台灣仍是台積電先進製程與先進封裝主要投資量產的重心。

一手掌握經濟脈動 點我訂閱自由財經Youtube頻道

不用抽 不用搶 現在用APP看新聞 保證天天中獎 點我下載APP 按我看活動辦法",2026-02-23,自由時報,https://ec.ltn.com.tw/article/breakingnews/5348222
川普關稅升至15% 台股今開紅盤不悲觀,"台股封關期間，台積電ADR累計上漲2.38％，美國四大指數多數下跌，但費城半導體指數上漲1.89％，有利台股馬年開紅盤行情。（中央社資料照）

美股上週五收紅、台積ADR大漲 顯示市場反應鈍化 台股有望再戰新高

〔記者卓怡君／台北報導〕美國川普關稅再掀風波，為台股金馬年開紅盤增添新的變數，法人指出，由於封關期間台積電ADR累計上漲二．三八％、富時台灣指數上漲二．六四％，川普關稅遭美國最高法院駁回後，美股上週五收紅，台積電ADR大漲二．八二％，顯示市場以「鈍化處理」回應，並未將關稅紛擾視為系統性衝擊，台股今日開紅盤有望展開一波補漲行情，甚至有機會首度挑戰三萬四千點大關。

川普對等關稅遭美國最高法院判決違憲，川普大怒反擊，一連將全球關稅從十％再調高至十五％，且立即生效，並預告將祭出更多疊加關稅，對國際股市帶來新的變數。

請繼續往下閱讀...

不過根據統計，台股封關期間，台積電ADR累計上漲二．三八％，美國四大指數多數下跌，但費城半導體指數上漲一．八九％，有利台股馬年開紅盤行情；台股封關期間美股以記憶體、矽光子、半導體設備相關個股表現最強。

近10年開紅盤後 20天平均漲逾2％

另外，統計台股近十年開紅盤當天上漲機率是七成、平均漲幅〇．五七％。群益投信台股研究團隊表示，近十年台股農曆年開紅盤後五日、十日、十五日、二十日平均漲幅為二％、二．五六％、三．一四％、二．五八％，均呈正報酬，顯示年後資金歸隊意願提升，紅包行情可期。

主動群益台灣強棒經理人陳沅易指出，對今年電子產業獲利成長保持樂觀，在AI影響力持續擴大下，中長線而言，台股基本面有支撐；農曆年後在紅包行情預期下，台股量能可望進一步增溫。

法人分析，本次判決雖限制IEEPA（國際緊急經濟權力法）路徑，但不代表整體關稅政策風險完全消失，川普陣營後續仍可能改採其他具明確授權的法律工具（例如二三二、三〇一條款）推動其關稅政策；目前市場反應偏向溫和正面，並持觀望態度，若後續關稅負擔實質下降，將有助企業成本與商品通膨壓力緩解，對全球化與科技成長股相對有利，但在退稅與替代政策未明前，市場短線仍以區間震盪為主。

一手掌握經濟脈動 點我訂閱自由財經Youtube頻道

不用抽 不用搶 現在用APP看新聞 保證天天中獎 點我下載APP 按我看活動辦法",2026-02-23,自由時報,https://ec.ltn.com.tw/article/paper/1744293
〈財經週報-時事求是〉馬年開紅盤,"只要美國經濟維持成長及全球AI建設持續接力，台股馬年還是令人期待。（資料照）

■魏錫賓

在春節假期，主要國家股市漲跌互見，但幅度都有限，而新加坡交易所掛牌的台灣股市期貨則先行走高，使投資人對開紅盤寄予厚望。假期結束前，雖有美國最高法院裁定對等關稅無效，以及美國總統川普改依1974年貿易法課徵15%進口關稅的變數，卻未引起太多意料之外的紛擾。AI帶動的產業革命，還是馬年股市的重心。

農歷年假期減少了7個交易日，可是在此期間，主要國家股市的走勢尚稱平穩，美、日、英、德等國股市即使有振盪，大盤前後升降卻多在1%之內，沒有出乎意料的巨幅漲跌。在總體經濟方面，在2月13日公布的美國1月消費者物價指數（CPI）及核心CPI指數分別為2.4%、2.5%，仍算溫和，而2月20日公布的第四季經濟成長率初估值為1.4%，仍不脫聯準會（Fed）公開市場委員會（FOMC）在2025年12月的預測，加上接近長期預測的失業率；整體而論，美國經濟大勢近日並無震驚市場的變動。

請繼續往下閱讀...

美國總統與關稅雖仍是金融市場波動的來源，可是經濟穩定的表現，壓制了股、匯市起伏的強度。不是每個國家的經濟都會隨著穩定的美國往前走，然而AI帶動的商機，主要是由美國大廠扛起，而台股前5大市值公司台積電（2330）、台達電（2308）、鴻海（2317）、聯發科（2454）及日月光投控（3711）都在AI核心供應鏈中，合計超過總市值的5成；只要美國經濟維持成長，台股當有基本面撐持。

在AI帶動下，台積電營收狂飆，已連續2年都成長超過30%，在先進製程產能大擴充下，2025年3、5奈米合計已占營收的6成。AI資料中心的大規模建設，使高效能運算（HPC）的需求飆升，台積電代工晶片的價量齊揚，不僅毛利走高且銷量增加，也成為電子產業被AI發展拉抬的先鋒。

AI建設對高階零組件的需求提高，因其單價也高，利潤較為豐厚，居於電子產業領先地位的廠商優先增加這方面的產能，並列為擴產的核心，造成產能排擠，也使得較低階產品的供應連帶的吃緊。一般廠商的產能利用率提高、甚至滿載後，因擴廠需要時間，若一時無法供給市場需求，缺貨潮就來了。

2025年的記憶體廠股價飆漲，是這一波缺貨潮的代表作，由規格升級帶動的「結構性缺貨」，在馬年有機會延續，但不是每一種產業的生產技術、擴產擴廠難度都一樣，也不是每一廠商都能得利，不能忽略缺貨潮有真有假，且時間有長有短。

由台積電及業界釋出的訊息可以發現，2026年應還是半導體產業營收與獲利很好的一年，只是部分漲多的個股，股價若要繼續向上，可能必需2027年也要很好。現實是：對等關稅退場了，可是關稅戰沒有離開；但對台灣而言，只要全球AI的建設持續接力，馬年的台股還是令人期待。

一手掌握經濟脈動 點我訂閱自由財經Youtube頻道

不用抽 不用搶 現在用APP看新聞 保證天天中獎 點我下載APP 按我看活動辦法",2026-02-23,自由時報,https://ec.ltn.com.tw/article/paper/1744253
學者︰速簽協定 勿挑戰川普耐心,"台美於二月十二日簽署台美對等貿易協定，學者認為，該協定是目前台灣最好的選擇。（資料照，行政院提供）

連賢明︰ART已是眼下最好的選擇 如未來面對301條款處境恐更糟

〔記者張慧雯／台北報導〕美國聯邦最高法院裁定對等關稅違憲後，美國總統川普宣布對全球課徵十五％的暫時性關稅。包括中經院院長連賢明、台新新光金控首席經濟學家李鎮宇、元大投顧董座胡睿涵等專家學者都認為，台美對等貿易協定已是眼下最好的選擇，如若反悔，未來面對三〇一條款處境恐變得更糟。

連賢明昨日指出，如果因為這個判決，台灣就決定重談對等關稅協定（ART）或不簽署協議，以目前台灣對美順差近一六〇〇億美元、排名美國第四大逆差國，三〇一條款要成立真的不是太困難；許多人對這次台美對等關稅不滿意，想測試一下川老大的耐心，到時候說不定會有不一樣的「驚奇」。他表示，到時候稅率要怎麼走，就看川普的一念之間，「很多時候，過了這個橋，就沒有那個店」。

請繼續往下閱讀...

李鎮宇日前已呼籲，不要以為對等關稅援用國際緊急經濟權力法（IEEPA）被否決，台灣就可以對美國食言，因為川普的貿易戰戰略升級，從「行政命令」轉向「法律制度化」，手段將更持久，現在不趕快簽署台美對等貿易協定，風險反而更大；昨日他進一步剖析，對台灣傳統產業來說，優勢的確較原先降低，須警惕競爭力流失，且防範後續調查。

胡睿涵則分析，先前簽署的「台美對等貿易協定」對等關稅降為十五％，不疊加最惠國關稅，對台灣來說，十五％關稅變成「天花板」，再加上「雙邊貿易協議保護」兩千多項的產品取得豁免；相較之下，對其他還沒簽協議的國家來說，十五％關稅則是「地板」，因為三〇一條款還可加碼到二十五％。

全球15％關稅 半導體不受影響

傳產優勢降低 需助強化競爭力

她也說，全球新關稅調高至十五％，但台積電等高階半導體是在二三二條款架構下的戰略產業，取得關稅豁免，短期無影響；至於傳統產業方面，政府則需思考「如何協助拉高其附加價值」、增強傳產對外競爭力。

一手掌握經濟脈動 點我訂閱自由財經Youtube頻道

不用抽 不用搶 現在用APP看新聞 保證天天中獎 點我下載APP 按我看活動辦法",2026-02-23,自由時報,https://ec.ltn.com.tw/article/paper/1744294
〈財經週報-投資趨勢〉超越美國解鎖亞洲 構築「全維度」AI科技成長機遇,"台灣政府對半導體的稅收優惠與研究資助，造就台積電，這種結構性紅利正逐步延伸至亞太其他科技聚落。（歐新社）

■艾力克斯·特瑞梅爾（Alex Treves）

更多元的經緯度中尋找機會

在全球金融市場的演進中，科技產業始終是驅動股市成長的火車頭。然而，進入2026年，資產管理界正迎來一場深刻的思維革命。當前的科技投資規則正在翻新，這不僅僅是個別標的的挑選，更是一場空間維度的地理競逐。不應只在熟悉的領土徘徊，而應攤開亞太經貿地圖進行全方位的橫向探索，從半導體的硬核基石，一路追蹤至數位經濟的擴張。

請繼續往下閱讀...

市場現況：當「過度聚焦」成為風險

長期以來，投資人的科技配置高度集中於美股S&P 500。根據統計至2025年底資訊顯示，資訊科技已占S&P 500市值的35%，遠遠超第二大產業金融業的13%。

1.估值泡沫的警示訊號：包括OpenAI執行長Sam Altman與摩根大通（J.P. Morgan）執行長Jamie Dimon在內的業界重磅人物，近期皆對AI企業的估值發出預警。這反映在市場表現上：儘管美股科技股在2025年漲勢驚人，但近期已出現「原地踏步」與「個股間表現分期」的停滯跡象。

2.亞洲市場的相對優勢：相較於美股的高溢價，亞洲科技板塊展現了更佳的韌性。MSCI亞太（不含日本）指數2025年指數報酬率20.70%顯著優於美國S&P500的16.39%。這證明了當投資人願意「打開地圖」探索新區域時，往往能發現定價更具吸引力的投資機會。

亞洲是半導體製造與 AI供應鏈的基石

在泛亞太這張地圖上，最關鍵的因素是亞洲在過去30年中崛起成為全球半導體產業的主力。根據統計，目前亞洲已掌握全球約四分之三的半導體產能。

科技投資的地理座標不只在台灣。韓國的三星電子與台灣的台積電（2330）、鴻海（2317）、聯發科（2454）共同構築了全球 AI發展的物理基礎。「台積電是亞洲高科技產業的標竿，其技術與產能支撐了目前所有熱門的美國AI設計商。」

其中台灣政府自1980年代起對半導體的稅收優惠與研究資助，造就了今日高資本回報與高競爭門檻的優勢。這種結構性紅利正逐步延伸至亞太其他科技聚落。

跨越疆域挖掘數位經濟與科技技術利基

當我們將視角進一步推進，會發現亞太地區的科技機會正呈現「多點開花」的態勢：

數位經濟與AI模型的平行進化：亞洲的網路巨頭如騰訊、阿里巴巴與網易，正積極佈局先進數據中心與生成式AI模型。這是一場足以與美股科技大廠抗衡的新戰場，提供了投資人在硬體之外，參與亞洲數位消費與服務轉型的契機。

隱形冠軍的全球滲透：以元太科技（E-Ink）為例，該企業在電子紙領域近乎壟斷，應用範圍更跨越國界，從Kindle電子書延展至全球最大零售商沃爾瑪（Walmart）的數位轉型藍圖中。這正是透過「地理維度探索」才能挖掘到的利基型科技機會。

什麼2026年值得佈局亞洲？

施羅德投資團隊認為，當前亞洲地區具備了支持「地理擴張」的四大宏觀條件：

1.成熟與新興的完美互補： 佈局亞洲能同時掌握高科技產業成熟市場（如：台、韓、日）難以撼動的高階技術競爭力，以及新興市場（如印度、東協）的人口紅利與增長動能。

2.估值相對合理：亞洲多數市場的估值與自身歷史相比仍處於「合理價格」區間，在美股泡沫疑慮未消之際，提供了另一個投資視角。

3.宏觀紅利支撐：2025年美元轉趨弱勢與美國降息循環，對台灣及亞洲等出口導向經濟體是重大利多，能有效緩解企業成本並推升估值。

4.主動管理的超額報酬：外商資產管理公司透過全球化專業分工，進行深度個別區域與產業研究，並進行橫向跨國之間的比較利益分析，能跨越語言與市場透明度的障礙，在廣大的亞太地圖中精準捕捉「高品質且面向未來」的標的。

構築具備全景視野的投資組合

科技投資的本質在於對未來的預判，而未來的增長點絕不限於單一經緯。2026年的科技投資策略，應從「單點選股」轉變為「全域佈局」。透過解鎖亞太地圖的迷霧，將投資座標從台美兩地延伸至整個泛亞太區，投資人將能構築出一個更具韌性、更具全面性增長潛力的科技投資組合。這不僅是一場避開泡沫的戰術移動，更是一場擁抱全球科技新大陸的戰略壯遊。

（作者為施羅德投資亞洲股票投研團隊主管）

一手掌握經濟脈動 點我訂閱自由財經Youtube頻道

不用抽 不用搶 現在用APP看新聞 保證天天中獎 點我下載APP 按我看活動辦法",2026-02-23,自由時報,https://ec.ltn.com.tw/article/paper/1744261
〈財經週報-台股熱點〉封測族群營運逐季加溫 股價可望登高,"封測股2025年營收與EPS

記者洪友芳／專題報導

受惠AI與ASIC（客製化晶片）客戶需求，日月光投控（3711）、京元電（2449）看好今年營運將持續成長，並因應客戶需求，積極展開擴產，這代表未來成長動能可期，法人預估日月光投控全年營收將年增雙位數，京元電則年增3到4成。

AI帶動日月光投控去年先進封測營收達16億美元，預計今年AI應用將更普及，加上半導體市場全面復甦，先進封測挹注營收將進一步翻倍至32億美元，其中約75%來自先進封裝、25%來自高階測試。

請繼續往下閱讀...

因應先進封測產能供不應求，日月光投控規劃今年增加15億美元投資擴產。法人估算今年日月光投控資本支出將達70億美元，創歷史新高。法人認為，日月光設定先進封測營收目標顯得保守。不過，先進封測將有助該公司毛利率上升。

法人指出，台積電（2330）先進封裝CoWoS產能不足，AI客戶之外，ASIC客戶無法獲得滿足，產能外溢到日月光投控，預估該公司先進封測營收在2024到2027年間，年複合成長率將達126％，營收占比將從去年的9％，上升至今年的17％，2027年將達24％。外資對日月光投控最新目標價介於330元至400元之間。

京元電因應產能擴充需求，董事會已通過資本支出達393.72億元，高於去年的370億元，創歷史新高；該公司於去年10月承租楊梅廠，預計今年投產，銅鑼廠區也擬擴產，並還在覓地中，顯見AI GPU、HPC及ASIC測試需求旺，京元電產能供不應求。

法人指出，隨著電子產品半導體含量逐漸增加，且晶片設計複雜度越來越高，測試更加有其必要性，時間也拉長，不僅測試平台升級，帶動測試單價上升，京元電主要客戶除了輝達之外，還包括聯發科（2454）等眾多客戶，受惠AI晶片強勁需求，預估該公司今年營收將年增逾3成。外資目標價從逾350元到400元不等。

日月光蛇年封關股價收354.5元，較龍年封關日的177元上漲1倍；京元電蛇年封關收313.5元，較龍年113.5元收盤價漲幅1.76倍。預期進入馬年，隨著日月光、京元電營運逐季加溫，股價可望進一步登高。

一手掌握經濟脈動 點我訂閱自由財經Youtube頻道

不用抽 不用搶 現在用APP看新聞 保證天天中獎 點我下載APP 按我看活動辦法",2026-02-23,自由時報,https://ec.ltn.com.tw/article/paper/1744260
台美關稅協定15％成「天花板」 元大投顧董座胡睿涵：沒簽協議國成「地板」,"元大投顧董事長胡睿涵認為，簽訂臺美對等協定，可以讓台灣關鍵產業與美國國安架構連結更深入緊密，至於傳統產業方面，政府則需思考「如何協助拉高其附加價值」、增強傳產對外競爭力。（資料照，本報合成）

〔記者張慧雯／台北報導〕面對美國總統川普以迅雷不及掩耳速度宣布對全球課徵15%關稅後，元大投顧董事長胡睿涵今日於臉書中指出，先前簽署的「臺美對等貿易協定」，臺灣對等關稅降為15%，不疊加最惠國關稅，對台灣來說「關稅15%變成天花板」，再加上「雙邊貿易協議保護」2072項產品豁免，但對其他還沒簽協議的國家來說，關稅15%是「地板」，因為301條款可加碼到25%。

她也分析，全球新關稅調高至15%，但台積電等高階半導體是在232架構下的戰略產業，短期相對穩定，取得關稅豁免（零關稅）。至於傳產方面，即使現在關稅降至15%，但和關稅戰前（去年4月前）傳產多僅課「最惠國待遇關稅4-5％」相比，現在15%關稅仍高、出口競爭優勢會大減，尤其面對日、韓與多國有簽貿易協定FTA...等，台灣沒有，勢必影響較大。

請繼續往下閱讀...

胡睿涵認為，簽訂臺美對等協定，可以讓台灣關鍵產業（半導體 AI 低軌衛星..）與美國國安架構連結更深入緊密，至於傳統產業方面，政府則需思考「如何協助拉高其附加價值」、增強傳產對外競爭力。

一手掌握經濟脈動 點我訂閱自由財經Youtube頻道

不用抽 不用搶 現在用APP看新聞 保證天天中獎 點我下載APP 按我看活動辦法",2026-02-22,自由時報,https://ec.ltn.com.tw/article/breakingnews/5347836
封關期間台積電ADR上漲2.38％ 明日開紅盤有望衝3萬4000點大關,"法人認為，台股明日有望展開一波補漲行情。（歐新社資料照）

〔記者卓怡君／台北報導〕台股封關期間台積電ADR上漲2.38%，富時台灣指數上漲2.64%，明日台股馬年開紅盤有望補漲，不過，在台股明日開紅盤前夕，川普對等關稅遭美國最高法院判決違憲，川普大怒反擊，一連將全球關稅從10%再調高至15%，立即生效，對國際股市帶來新的變數。法人分析，從川普關稅遭駁回後，美股週五收紅，台積電ADR大漲2.82%，顯示市場以「鈍化處理」回應，並未將關稅紛擾視為系統性衝擊，台股明日有望展開一波補漲行情，首度挑戰3萬4000點大關。

根據統計，台股封關期間，台積電ADR上漲2.38%，富台指上漲2.64%，費城半導體指數上漲1.89%，有利台股馬年開紅盤行情，台股封關期間多美股以記憶體、矽光子、半導體設備相關個股表現最強，其中記憶體指標美光大漲14.71%，矽光子Lumentum大漲19.00%，應用材料上漲14.22%。

請繼續往下閱讀...

法人分析，美國最高法院裁定總統不得依《國際緊急經濟權力法》（IEEPA）對全球進口商品廣泛課徵關稅，等同否定先前以「緊急狀態」為基礎的對等關稅法源，川普陣營後續仍可能改採其他具明確授權的法律工具（例如232、301條款）或推動國會授權推動關稅政策，本次判決雖限制IEEPA路徑，但不代表整體關稅政策風險完全消失，目前市場反應偏向溫和正面，並持觀望態度，若後續關稅負擔實質下降，將有助企業成本與商品通膨壓力緩解，對全球化與科技成長股相對有利，但在退稅與替代政策未明前，市場短線仍以區間震盪、族群分化為主。

一手掌握經濟脈動 點我訂閱自由財經Youtube頻道

不用抽 不用搶 現在用APP看新聞 保證天天中獎 點我下載APP 按我看活動辦法",2026-02-22,自由時報,https://ec.ltn.com.tw/article/breakingnews/5347657
川普預告更多關稅要來了! 台灣緊守原協議影響有限、散戶免驚,"台灣緊守原協議影響有限，散戶免驚。（資料照）

〔記者張慧雯／台北報導〕美國總統川普昨晚在社群媒體上宣布，將稍早決定的10%新關稅調升至法律允許的最高上限15%，還預告更多關稅要來了；法人多認為，只要緊守原協議，那麼台灣晶片與電子零件等為主要輸美項目，屬於免徵關稅豁免條款，影響層面有限，台股投資人無需多慮。

法人分析，其實美國聯邦最高法院推翻援引國際緊急經濟權力法（IEEPA）實施對等關稅，跟台灣與美國一月的貿易協議內容關係不大，一月的貿易協定主要是針對232條款，包括台積電以及所有半導體產業在美國適用的關稅，與IEEPA無關，而台灣是全球第一個跟美國達成關於232條款協議的國家，稅率從25%以上降至15%，這一點才是市場最關切的。

請繼續往下閱讀...

法人也說，此時，川普將新關稅調高到15%，更預告將疊加更多關稅，但對台灣來說，一月的貿易協定就處於稅率最低的水準，只要緊守原協議，影響有限；同時，在各國處於關稅紛擾、不確定因素擴大的階段，台灣能因順利談妥關稅協定、安然度過國際間的震盪，對企業、對台股影響都是最輕微。

一手掌握經濟脈動 點我訂閱自由財經Youtube頻道

不用抽 不用搶 現在用APP看新聞 保證天天中獎 點我下載APP 按我看活動辦法",2026-02-22,自由時報,https://ec.ltn.com.tw/article/breakingnews/5347633
法人︰對台股影響不大 投資人免驚,"財經專家與法人多認為，關稅從二十％疊加降到十五％不疊加，現在又變成十％，雖然不確定有沒有疊加，但應該沒什麼好怕的，對台股影響並不大，投資人免驚。（資料照）

〔記者張慧雯／台北報導〕還沒過完年，關稅議題就鬧得人心惶惶，對於台股的影響，財經專家與法人多認為，關稅從二十％疊加降到十五％不疊加，現在又變成十％，雖然不確定有沒有疊加，但應該沒什麼好怕的，對台股影響並不大，投資人免驚。

法人表示，川普對等關稅遭封殺後，美股四大指數收紅、台積電ADR收盤上漲二．八二％，雖然川普再度反擊，似乎又迎來新的挑戰；但AI時代加速來臨，相關產業需求大增，基本面仍不變，歷經去年川普開啟對等關稅的一連串風波後，市場消化此類消息的能力越來越強，「想想看去年四月走勢，股市大跌就是來送錢」。

請繼續往下閱讀...

市場人士估算，台股封關當日大盤收在三萬三六〇五點，權值王台積電股價來到一九一五元，休市期間美股一度上沖下洗，但台積電ADR收在三七〇美元之上，換算下來，台積電下週一開盤非常有機會挑戰一九五〇元以上，換算台積電占台股市值比重，估計台股有可能站上三萬四千點。

聯邦投信分析，台灣與美國甫於一月中達成相對有利的貿易與投資共識，台美投資MOU（合作備忘錄）聚焦關稅調整、供應鏈合作與高科技雙向投資，有助提升企業中長期投資與接單能見度，主計總處更預測今年經濟成長率為七．七一％，中長線來看台股可穩定成長，即便短線震盪投資人也無須過度擔憂。

保德信市值動能五十ETF經理人楊立楷則說，AI時代對於算力的依賴加劇，無論AI最終取代哪些功能，前提皆是大量的模型訓練與推論需求，因此先進製程、高效能運算與封裝技術成為不可或缺的基礎設施，也讓台灣相關供應鏈於全球AI價值鏈中的地位不降反升，雖然關稅風波再起，但基本面不變。不過，須留意台股第二季指數成長動能不若首季強勢，可能呈現拉回整理格局，是逢低介入優質成長股的好時機。

一手掌握經濟脈動 點我訂閱自由財經Youtube頻道

不用抽 不用搶 現在用APP看新聞 保證天天中獎 點我下載APP 按我看活動辦法",2026-02-22,自由時報,https://ec.ltn.com.tw/article/paper/1744187
獨家》捕獲台積電董座！魏哲家現身竹北小吃店 親自開車拿外帶,"魏哲家初五晚間現身竹北小吃店外帶。（記者侯家瑜攝，本報合成）

〔記者侯家瑜／台北報導〕台積電董事長魏哲家今日初五晚間低調現身竹北小吃店外帶，自己開車、快速取餐，親民作風讓顧客又驚又喜。據店家說法，他是每隔一兩週就會光顧的熟客。

魏哲家初五晚間現身竹北小吃店外帶。（記者侯家瑜攝）

只見魏哲家自己開著賓士車，車輛臨停在店門口，下車時戴著鴨舌帽、穿著深色短袖上衣，打扮相當低調。沒有司機隨行，也沒有隨扈陪同，他熟門熟路走進店內取餐，拿到外帶後迅速上車離開，前後不到幾分鐘，卻已讓不少顧客驚呼：「是魏董耶！」

請繼續往下閱讀...

魏哲家是全球晶圓代工龍頭台積電的董事長，掌舵「護國神山」。就在過年前，台積電股價再創歷史新高，市場關注度飆升。沒想到在資本市場風光之際，董事長的晚餐依舊選擇街邊小吃，也讓不少民眾直呼他真的很接地氣。

吸引魏哲家經常光顧的，是新竹老字號的「十一街麵食館」，是在地人氣名店。店內主打眷村風味，菜單多達上百種選擇，從牛肉麵、捲餅、炒飯、葫瓜水餃到滷味、酸辣湯應有盡有，其中葫瓜水餃更是招牌。兩層樓空間寬敞、翻桌率高，加上自助小菜區與免費普洱茶，Google評價高、評論數多，是不少竹北人用餐首選。

魏哲家拿到外帶後迅速上車離開。（記者侯家瑜攝）

一手掌握經濟脈動 點我訂閱自由財經Youtube頻道

不用抽 不用搶 現在用APP看新聞 保證天天中獎 點我下載APP 按我看活動辦法",2026-02-21,自由時報,https://ec.ltn.com.tw/article/breakingnews/5347432
散戶睡醒就變天? 對等關稅遭封殺、川普宣布全球加徵10％關稅,"川普對等關稅遭封殺後，美股仍收紅、台積電ADR收漲2.82%。（擷取自奇摩股市）

〔記者張慧雯／台北報導〕剛睡醒國際股市就變天？先是昨晚11點美國最高法院判決撤銷川普總統的對等關稅措施，緊接著川反擊，簽署命令對全球加徵10%關稅且即刻生效，不到12個小時國際金融局勢翻天覆地；財經專家與法人多認為，川普能動用的相關行政手段相當多，應能達到其預定目標，至於對下週一開盤的影響，法人笑稱「關稅從最早的20%降到15%，現在又變成10%，應該沒什麼好怕的吧?」

美國最高法院以6比3票數，禁止川普援引為國家緊急情況設計的《國際緊急經濟權力法》（IEEPA）徵收全球性關稅；川普則立刻召開記者會，依據Section 122，在現有關稅上對各國額外徵收10％關稅，以因應最高法院的裁判。

請繼續往下閱讀...

法人分析，川普對等關稅遭封殺後，美股仍收紅、台積電ADR收漲2.82%，雖然川普再度反擊，似乎又迎來新的挑戰，但觀察AI時代加速來臨，相關產業需求大增，基本面仍不變，歷經川普的對等關稅風波後，市場消化此類消息的能力也越來越強，更有人直指「想想看去年4月走勢，股市大跌就是來送錢」。

至於有散戶戲稱「關稅談判談了這麼久才降至15%，結果現在只剩下10%，當初花這麼多力氣是白做工?」專家也認為，對台灣來說，川普政府只要用301與232兩項法律條款，也能達到目前談的關稅稅率，如果選在此時背棄已經談到的好條件，接下來只會更慘、絕對不會更好，散戶真的不要太傻!

一手掌握經濟脈動 點我訂閱自由財經Youtube頻道

不用抽 不用搶 現在用APP看新聞 保證天天中獎 點我下載APP 按我看活動辦法",2026-02-21,自由時報,https://ec.ltn.com.tw/article/breakingnews/5347097
美股收盤》川普關稅確定違憲美股勁揚 台積電ADR大漲2.82％,"川普關稅確定違憲美股勁揚，台積電ADR大漲2.82%。（路透）

〔財經頻道／綜合報導〕美國最高法院週五（20日）裁定川普總統的關稅政策無效，美股4大指數應聲上漲，台積電ADR大漲2.82%，收370.54美元。

CNBC報導，最高法院以《國際緊急經濟權力法》為由，駁回了川普大部分旨在推行關稅政策的舉措，多數法官裁定該法「並未授權總統徵收關稅」。

請繼續往下閱讀...

這項裁決可能減輕因關稅導致成本上升而承受壓力的公司負擔，並緩解人們對持續困擾美國經濟的頑固通膨的擔憂。

受此激勵，美股4大指數週五全面反彈，道瓊指數本週上漲0.3%。標普500指數上漲1.1%，而以科技股為主的那斯達克指數結束了連續5週的下跌趨勢，上漲1.5%。

至於美股週五4大指數表現：

道瓊工業指數上漲230.81點，或0.47%，收在49625.97點。

那斯達克指數上漲203.34點，或0.90%，收22886.07點。

標準普爾500指數漲47.62點，或0.69%，收6909.51點。

費城半導體指數揚升87.11點，或1.07%，收8260.414點。

一手掌握經濟脈動 點我訂閱自由財經Youtube頻道

不用抽 不用搶 現在用APP看新聞 保證天天中獎 點我下載APP 按我看活動辦法",2026-02-21,自由時報,https://ec.ltn.com.tw/article/breakingnews/5346977
台股馬年開紅盤爆量創高 上市櫃成交值破兆元,"（中央社記者鍾榮峰台北23日電）台股今天農曆馬年開紅盤，終場上漲167.55點，收33773.26點，再創收盤歷史新高。根據晚間最新資料，台股集中市場今天成交值新台幣9499.92億元，創史上第2大量，櫃買市場成交值1864.71億元，上市櫃合計放量約1.13兆元。

根據台灣證券交易所統計，1月29日集中市場成交值達9596.52億元創史上最大量，今天達9499.92億元，為歷史次高。

證交所董事長林修銘今天表示，金蛇年封關前，台股（含上市櫃公司）日均成交值來到9496億元歷史高位，期間不僅有10個交易日單日成交值突破兆元大關，1月29日單日成交值逾1.19兆元，刷新台股歷史紀錄。

透過 Google News 追蹤中央社

兆豐投顧研究部副總經理黃國偉分析，台股今天延續農曆蛇年封關前走勢，集中市場成交值放量超過9000億元，外資持續加碼台股，主要是台灣經濟基本面強勁，記憶體族群今天表現強勢，金融指數跟著創新高，電子零組件類股也表現亮眼，代表漲勢擴散，不集中侷限台積電等少數電子權值股。

期貨法人分析，台股今天創高後留長上影線439.12點，市場偏向短線獲利了結落袋為安，並不是轉空跡象，部分權值股換手調節，並非基本面轉弱，台股馬年開紅盤量能放大，代表資金仍在場內，整體籌碼換手分配。（編輯：楊蘭軒）1150223",2026-02-23,中央社,https://www.cna.com.tw/news/afe/202602230264.aspx
「造山者」作者赴新加坡談創作 駐星代表：晶片外交,"（中央社台北23日電）台灣半導體發展史紀錄片「造山者」製片人蔣顯斌造訪新加坡，出席台大校友會成立大會。駐新加坡代表童振源表示，他所撰寫的新書「Taiwan at the Core」與「造山者」為「晶片外交」注入雙重動能；在全球科技與地緣政治交會下，維持台海和平穩定、強化供應鏈韌性、讓創新持續發生，是台灣對國際社會的承諾。

童振源今天告訴中央社，在地緣政治與科技競逐交織的時代，晶片已成為各國角力的戰略高地。他昨天應邀出席新加坡台灣大學校友會成立大會，分享新書「Taiwan at the Core: Strategic Partner in the Global Semiconductor Landscape and Realignment」，同場，台灣半導體發展史紀錄片「造山者」製片蔣顯斌亦講述創作歷程。一本書與一部影片，在南洋交會，為「晶片外交」注入雙重動能。

童振源表示，Taiwan at the Core的核心論點十分清晰，台灣位居全球半導體產業鏈的關鍵樞紐。這個「核心」並非孤立的中心，而是串聯各方、維繫體系穩定運作的關鍵節點，是高度專業分工架構中最具信任基礎的一環；更值得關注的是全球布局的節奏與結構。

台積電的國際擴張始終以台灣為核心，最先進製程、核心研發與最大規模產能仍集中於本土。即便對美投資持續推進，經濟部預估2030年台積電約85%產能仍在台灣，至2036年亦約有80%留在本土。此一架構，一方面回應國際社會對供應鏈韌性的高度關注，另一方面也確保關鍵技術、研發動能與人才生態系持續深耕台灣。

他指出，「造山者」以影像回望台灣半導體產業半世紀的艱辛與榮光。目前影片已在海外安排至少20場放映，足跡遍及北美與歐洲，讓更多國際觀眾理解台灣科技發展的歷程與精神。今年亦將於新加坡放映，駐星代表處將協助推廣，讓新加坡社會更深入認識台灣半導體崛起背後的人文故事。

童振源表示，書與電影形成自然互補。前者以數據、政策與世界對話，後者以影像與情感觸動人心。在全球科技與地緣政治交會的當下，維持台海和平穩定、強化供應鏈韌性、讓創新持續發生，是台灣對國際社會的承諾。當晶片成為全球經濟的神經元，台灣願意成為穩定而可靠的中樞；而造山的工程，也將持續邁向新的高峰。（編輯：陳承功）1150223",2026-02-23,中央社,https://www.cna.com.tw/news/aopl/202602230177.aspx
金馬年股匯開紅盤 新台幣升破31.5元關卡收31.462元,"（中央社記者潘姿羽台北23日電）金馬年股匯市開紅盤，台股氣勢如虹，盤中、收盤再創新高紀錄，新台幣兌美元也升破31.5元關卡，今天收盤收31.462元，升值5.6分，台北及元太外匯市場總成交金額22.19億美元。

農曆春節連假期間，美國最高法院推翻總統川普關稅，川普最新發文則宣布將把全球關稅提高至15%，外界緊盯關稅不確定性是否影響金融市場。

股匯市今天開紅盤，無畏關稅陰霾，繳出亮麗成績，台股盤中觸歷史新高34212.38點，大漲606.67點，但因適逢台指期結算日，尾盤台積電翻黑、指數漲勢收斂，終場加權指數收33773.26點，上漲167.55點，未站穩34000點大關，仍創收盤歷史新高。

匯市方面，新台幣兌美元今天開盤價為31.5元，上午偏向平盤整理，午後啟動升勢，最高觸及31.417元，終場收在31.462元，順利突破31.5關卡。

外匯交易員直言，美國關稅政策不確定性升溫，但從股匯市表現看來，市場並未悲觀解讀，外資今天買超台股，午後在匯市也有明顯匯入，「新台幣跟著股市一起走升」。

外匯交易員表示，春節期間國際局勢動盪，除了川普關稅被駁回，還有美國考慮對伊朗發動軍事行動，但回到國內金融市場，表現相當不錯，顯見AI仍是主要議題；如果台股繼續創高，AI龍頭輝達（Nvidia）本週公布的財報報喜，外資可望繼續匯入，上演股匯雙漲的戲碼。

農曆春節連假才剛結束，本週又有228和平紀念日補假。外匯交易員認為，本週新台幣應該延續緩升格局，在31.5元上下盤整，交易區間落在31.4至31.650元，但仍須留意國際局勢反轉，是否會出現外資變臉匯出的情況。（編輯：楊凱翔）1150223",2026-02-23,中央社,https://www.cna.com.tw/news/afe/202602230241.aspx
聖暉獲矽品6.59億廠務工程 帆宣取得力成5.99億訂單,"（中央社記者張建中新竹23日電）半導體封測廠積極擴產，無塵室廠聖暉和高科技設備材料廠帆宣營運受惠，分別接獲矽品及力成訂單，金額各約新台幣6.59億元及5.99億元。

人工智慧（AI）對半導體先進製程及先進封裝需求強勁，帶動晶圓代工龍頭廠台積電及封測廠矽品、力成等積極擴產。

日月光投控今天代子公司矽品公告，自今年1月26日至2月23日取得聖暉廠務工程，總金額6.59億元，主要供生產及營運用。

透過 Google News 追蹤中央社

力成公告，自2025年2月25日至2026年2月23日向帆宣訂購一批先進封裝設備及其零配件，總金額5.99億元，主要供營運生產使用。

帆宣指出，鍵合（Bonder）及解鍵合（Debonder）是CoWoS等先進封裝關鍵的設備，是帆宣廠務系統業務之外，營運一大動能。（編輯：張良知）1150223",2026-02-23,中央社,https://www.cna.com.tw/news/afe/202602230216.aspx
台股馬年紅盤創多項紀錄 記憶體和被動元件強勢,"台股馬年紅盤創多項紀錄 記憶體和被動元件強勢

（中央社記者鍾榮峰台北23日電）台股今天農曆馬年開紅盤，電子和金融指數連袂再創新高，權王台積電觸1935元新天價，市值首次攻上新台幣50兆元，台股盤中觸歷史新高34212.38點，大漲606.67點；不過適逢台指期結算日，尾盤台積電翻黑、指數漲勢收斂。

終場加權指數收33773.26點，上漲167.55點，未站穩34000點大關，仍創收盤歷史新高，留下439.12點長上影線，成交值在長假資金回流下放大至新台幣9020.82億元，為集中市場史上第3大量。

集中市場電子指數觸盤中創下2109.54點新高，金融指數觸2580.91點，也創盤中歷史新高；終場電子指數上漲0.09%，金融指數上漲2.71%。代表中小型股的櫃買OTC指數終場上漲2.06%。

權王台積電盤中攀高至1935元，再創新天價，市值突破50兆元關卡，至50.18兆元；終場翻黑收1900元，跌0.78%。

股價超過千元的高價股漲跌互見，股后穎崴終場跌6.19%，力旺、聯亞、致茂攻上漲停2180元、1190元、1155元，高價股站穩「33千金」。

權值股台達電盤中觸1380元新高價後漲幅收斂，終場收1305元，漲3.57%；鴻海收228.5元，漲0.66%；聯發科收1795元，跌3.23%；日月光投控翻黑收349元，跌1.55%。載板廠欣興、景碩鎖漲停405.5元及292元，同創新高價。

記憶體族群強勢表態，南亞科終場收289元、漲3.96%，華邦電盤中攻上漲停116元，終場收115元，大漲9%；旺宏盤中觸漲停108元，終場收103.5元，漲5.08%；力積電終場收67元，漲6.18%。

被動元件族群今天連動勁揚，國巨、華新科、禾伸堂、三集瑞攻上漲停，分別以281.5元、135.5元、114.5元及187元作收。

兆豐投顧研究部副總經理黃國偉分析，台股今天延續農曆蛇年封關前走勢，類股表態，漲勢擴散，主要是台灣經濟基本面強勁，第1季上市櫃公司營運淡季不淡，今天台股開紅盤加權指數屢創新高，成交值放量，呈現價量齊揚。

透過 Google News 追蹤中央社

展望後市，黃國偉表示，美國關稅變數對台股影響不大，對台美貿易協議現況沒有太大改變，台股中長線延續偏多格局，留意漲多震盪。

台新台灣優勢成長主動式ETF基金經理人魏永祥表示，持續關注近期融資餘額水位及籌碼面動向，留意獲利了結賣壓，可布局成長趨勢持續向上的產業，配合第1季行情發酵，低基期族群也是未來選股重心。（編輯：張良知）1150223",2026-02-23,中央社,https://www.cna.com.tw/news/afe/202602230142.aspx
台指期結算台積電翻黑 台股漲勢收斂收33773點創新高,"（中央社記者鍾榮峰台北23日電）台股馬年開市盤中強勢，首次突破34000點大關，電子和金融指數連袂再創新高，權王台積電觸1935元創新天價，市值首次攻上新台幣50兆元，台股盤中觸歷史新高34212.38點，大漲606.67點，不過適逢台指期結算日，午盤後賣壓湧現漲勢收斂，台積電翻黑。

終場加權指數收33773.26點，上漲167.55點，未站穩34000點大關，仍創收盤歷史新高，成交值放大至新台幣9020.82億元。電子指數上漲0.09%，電子指數觸盤中新高2109.54點；金融指數漲2.71%，金融指數觸2580.91點，也創盤中新高。代表中小型股的櫃買OTC指數終場上漲2.06%。

權王台積電盤中攀高至1935元，再創新天價，市值突破50兆元關卡，至50.18兆元，終場翻黑收1900元，跌0.78%。（編輯：張均懋）1150223",2026-02-23,中央社,https://www.cna.com.tw/news/afe/202602230129.aspx
宋曜廷接任台師大校長 盼育全球視野跨域人才,"（中央社記者許秩維台北23日電）台師大第15任校長宋曜廷今天上任，他將以「奠基、躍升、新師大」為願景，盼培育兼具專業能力、人文素養與全球視野的優秀教師與跨域人才，打造更具永續與人本價值的校園。

台灣師範大學發布新聞稿指出，台師大今天舉行第15任校長交接典禮，在教育部常務次長朱俊彰監交下，由卸任校長吳正己將印信交接給新任校長宋曜廷，象徵責任傳承與使命延續，校內師長、各界貴賓、海內外校友約300多人共同見證。

朱俊彰提到，台師大是師資培育重鎮與高教體系中深具特色與影響力的重要大學；吳正己在任內帶領台師大與時俱進，包括成為雙語標竿大學、創立跨域科技產業創新研究學院、與台積電開設半導體學分學程等，讓台師大躍升為連結世界的國際型大學。

吳正己指出，過去數年面對高教環境劇烈變動，台師大穩健前行，深化學術研究量能、推動國際合作與雙語教育，積極強化校友連結與社會參與，讓師大傳承師道精神的同時，更具前瞻與創新動能，期盼未來在新任校長帶領下，凝聚共識、再創高峰。

台師大新任校長宋曜廷表示，將以「奠基、躍升、新師大」為核心願景，回應當前高教挑戰，未來將從空間資源規劃、人才培育優化、教職員生福祉提升等面向穩固根基，打造更具永續與人本價值的校園環境，同時推動學術研究躍升、科技整合創新、深化產業合作與就業競爭力等。

宋曜廷提到，台師大肩負師道傳承與開創未來的雙重使命，未來將凝聚師生共識，強化跨域學習與國際連結，培育具專業能力、人文素養、全球視野的優秀教師與跨域人才，並透過與產業、社會、國際夥伴合作，提出具影響力的「師大方案」，回應台灣與世界的發展需求。（編輯：張銘坤）1150223",2026-02-23,中央社,https://www.cna.com.tw/news/ahel/202602230083.aspx
台股馬年開紅盤觸33992點創盤中新高　台積電早盤震盪,"台股
證券
台股馬年開紅盤觸33992點創盤中新高　台積電早盤震盪
2026/2/23 09:18
台股23日農曆馬年開紅盤走高，早盤最高33992.16點創盤中歷史新高，上漲386.45點。（中央社檔案照片）
（中央社記者鍾榮峰台北23日電）台股今天農曆馬年開紅盤走高，逼近34000點大關，早盤最高33992.16點創盤中歷史新高，上漲386.45點，權值股龍頭台積電於平盤1915元附近震盪。
其他電子權值股鴻海漲約1%，聯發科下跌5元至1850元，台達電漲逾4%，日月光投控漲逾3%，記憶體南亞科漲超過5%，華邦電漲逾8%，旺宏逼近漲停108元。力積電漲逾5%。
證券法人指出，台股今天開紅盤，技術指標黃金交叉向上，代表短線動能強，有實質買盤支撐，後續關注美國總統川普對各國改課徵15%全球性關稅、OpenAI算力支出下修等因素影響。（編輯：林家嫻）1150223",2026-02-23,中央社,https://www.cna.com.tw/news/afe/202602230023.aspx
台灣女婿獲高市助選重返眾院 山口晉：台日交流「不該只是風潮」【專訪】,"（中央社記者戴雅真東京22日專電）被台灣媒體稱為「台灣女婿」的日本眾議員山口晉近日接受訪問時，談及與自民黨總裁高市早苗的因緣，以及他對台日能源、半導體與區域安全合作的長期構想。

自民黨在眾議院大選獲得壓倒性勝利後的週末，位於埼玉縣的服務處，山口晉接受台灣媒體專訪。埼玉縣距離東京市中心車程約1小時，縣內大多城市被視作東京的衛星城市，週末街上行人依舊不多；很難想像不到1星期前，會因為高市早苗的到來颳起旋風，即使是平日仍吸引大批人潮，塞爆車站周邊。

高市早苗旋風席捲選區 破3000人集結

本次選戰中，日本首相、自民黨總裁高市早苗親自站台，成為山口晉勝選關鍵轉捩點。

埼玉縣共有16個選舉區、55名候選人參選，戰況備受關注。山口晉所屬第10選區，與中道改革聯合的坂本祐之輔展開第3度正面對決。2021年的前前次選舉中，山口晉以些微差距勝出，坂本以比例代表方式復活，前次選舉則由坂本祐之輔取勝。

山口回憶，選前媒體普遍預測情勢嚴峻，但他自己能感受到支持力量逐漸擴大。當確定高市將到訪選區後，年輕族群的支持明顯增加，支持者也迅速團結起來。「大家都說，因為高市要來，絕對不能輸。」

當天，坂戶車站的造勢現場聚集超過3000人，實際可能接近3500至4000人，還有不少人因場地與維安限制無法進入會場。整個車站周邊人山人海，連他自己都感到震撼。

山口指出，這次選戰出現一個極為罕見的現象，過往日本選舉多半是「愈選愈冷」，但這次卻是「愈選愈熱」，高市的人氣隨著選戰推進不斷攀升。

他特別觀察到，20多歲、甚至18歲首次投票的年輕選民，以及大量女性選民，都主動表達支持高市與他的參選，都會區對高市的支持尤其強烈。「很多年輕人直接說，希望高市能和我們一起改變日本。」

婚禮上的初次相遇：那句「311，謝謝台灣」

山口回憶，他與高市早苗的第一次見面，其實是在自己的婚禮上。當時高市仍任總務大臣，特地前來致詞。前首相安倍晉三當天也出席，只是因為婚禮恰巧與311大地震復興道路通車日撞期，因此稍晚抵達。

他表示，高市在致詞時提到，「311發生時，最早、也是最真心支援日本的，就是台灣，謝謝台灣。」這句話深深打動現場所有賓客，也讓山口的太太與家人至今難忘，從此變成高市的粉絲。

對於因為「台灣女婿」稱號，而在這次眾議院選舉中受到台灣媒體高度關注。山口直言，「真的非常受到矚目，連我自己都嚇了一跳。」雖然這對當事人而言多少會帶來壓力，但他認為這是一種榮耀。

山口表示，「聽說我的畫面在高市總裁之後出現，老實說非常榮幸，非常高興，之後也會繼續加油。」

除了山口晉之外，參議員瀧波宏文也同樣因與台灣的婚姻緣分，被台灣媒體冠上「台灣女婿」稱號，山口晉表示，瀧波是資深國會議員前輩，兩人過去在安全保障等政策議題上曾並肩合作並取得成果，他也希望能儘早回歸國政第一線，再度共同推動相關政策。

談到與台灣太太的相遇，山口說，其實是透過一位長年相識的台灣朋友介紹。當時太太剛從台灣回日本工作，日本朋友不多。

他坦言，「一開始完全沒想到會走向國際婚姻」，太太自己也從沒想過會和日本人結婚，但他逐漸被太太的性格與默默支持所打動，開始強烈感受到「想和她共度一生」。

兩人愛情長跑5年後結婚，山口晉的父親為前眾議員山口泰明，對於太太願意嫁入政治世家，而且還是國際婚姻，「我一直覺得她真的很有勇氣」。

由於太太來自台灣，山口晉對於「台灣有事，就是日本有事」尤其有感觸。他強調，對於前首相安倍晋三曾公開表達的立場，從整個東亞地區和平與穩定來思考，「台灣在地理上離日本非常近，如果台灣萬一發生什麼事，日本一定會受到巨大影響，這是顯而易見的。」

他表示，因此與其說是「台灣有事、日本有事」，不如說這是整個區域安全架構的問題。從守護日本和平的角度來看，也等於是在守護台灣。「這是我非常強烈的決心。」

地方經濟、能源安全與半導體合作

回顧上次眾議員落選後，1年多來的基層走訪，山口表示，從年輕人到長輩，最共同的焦慮是經濟復甦、物價高漲與收入停滯。他自己出身能源產業，因此特別重視能源與糧食安全。

「日本現在對海外依賴太深，電力若不穩定，生活真的撐不下去。」他強調，核能、安全與電價必須取得平衡。安全未確認的設施他堅決反對，但確認安全後就必須務實重啟。

談到半導體，他表示，如果像台積電這樣的企業能來埼玉縣發展當然最好，但前提條件極多，包括水資源、電力、人材、國際學校與居住環境。他坦言，關東最大瓶頸仍是電力，但台日可以在半導體與供應鏈上深化合作。

山口也回憶自己過去任職東京瓦斯時，曾與台灣方面共同採購天然氣，甚至同船分批卸貨台灣與日本，「能一起做的事情，其實很多」。

「台灣不該只是風潮，而是長期夥伴」

對於未來規劃，山口透露，若國會預算審議進度允許，希望能在今年春季再次訪台。他強調，台日距離近、產業互補性高，無論在半導體、能源或人才交流，都具備深化合作的現實基礎。

他過去多次訪問台灣，也曾以自民黨青年局成員身分接待台灣訪團，雙方透過長年交流逐漸建立深厚情誼。然而在離開國會的1年3個月期間，相關往來被迫中斷，讓他感到相當遺憾。如今順利復歸國政，他希望積極補回這段空白，未來將更主動推動台日之間的政治、產業與民間交流。

他指出，日本政界向來存在不同路線，有人強調對中關係，有人著重台日合作，這本來就是政治現實，他也尊重不同立場；「台灣現在很熱門，但更希望這不是一時的風潮」，從地緣戰略角度來看，台灣一旦發生變化，日本勢必承受巨大衝擊，因此這不只是台日友好的情感問題，而是整個東亞和平與安全架構的重要一環。（編輯：陳慧萍）1150222",2026-02-22,中央社,https://www.cna.com.tw/news/aopl/202602220065.aspx
南僑董事長陳飛龍90歲逝世 開發水晶肥皂家喻戶曉,"（中央社記者曾仁凱台北21日電）南僑今天公告，董事長陳飛龍逝世，享壽90歲，新任者將另行公告。陳飛龍曾表示，南僑在他進入公司時，已是台灣香皂大廠，但當時競爭愈來愈激烈，於是他便決定引進價格高昂的義大利設備，開發出知名的「水晶肥皂」。

南僑隨後發出新聞聲明，補充表示陳飛龍在家人的陪伴下，於2月12日安詳辭世。南僑特別指出陳飛龍帶領公司65年來，勇敢跨越產業領域，開創榮景。

陳飛龍在香港九龍出生、在上海長大，小學時候，陳飛龍在上海就讀交通大學體系的南洋模範中小學，是台積電創辦人張忠謀的學弟，大約晚了3、4屆，一直念到6年級，他才來到台灣。

陳飛龍曾回憶道，南僑從化工起家，自己在南僑成立第14年的時候進入公司，當時南僑已經是台灣的香皂大廠。惟那時候台灣經濟正開始起飛，市場從賣方變成買方市場，競爭愈來愈激烈。

陳飛龍決心做和別人不一樣的東西，他發現當時台灣很多肥皂同行都引進日本的設備，研究後，他發現原來這些日本設備很多都是仿效義大利，於是他直接追到義大利，要買就買最好的設備，機器價格足足貴上數倍之多，費了好大功夫及力氣，開發出至今仍家喻戶曉的「水晶肥皂」。

陳飛龍主政期間，率領南僑進行多次轉型升級、並發揚光大。目前南僑事業版圖橫跨食品、餐飲、化工等多個領域，在台灣、大陸、泰國等地都有生產基地。如今的南僑早已變身為食品廠，目前食品餐飲相關占公司營收比重超過9成，在集中市場，南僑幾年前也已從化工類股改掛食品股。（編輯：楊凱翔）1150221",2026-02-21,中央社,https://www.cna.com.tw/news/afe/202602210123.aspx
美國最高法院裁定川普關稅無效 法人：台股小利多,"（中央社記者曾仁凱台北21日電）美國最高法院20日裁定，總統川普去年實施廣泛的全球性關稅無效。對此，群益投顧總經理范振鴻認為，這對於下週一（23日）台股金馬年新春開紅盤，可望帶來小利多。

范振鴻分析，台灣主要輸美項目包括半導體、電子零組件等，原本就豁免關稅，這部分不受影響；主要受惠是傳產股，像成衣、製鞋等族群有機會受惠。

整體而言，范振鴻認為此次美國最高法院判決對等關稅無效，對台股是小利多，真正影響比較大，還是市場怎麼解讀輝達（NVIDIA）財報。

美國最高法院裁定出爐後，週五美股收紅，道瓊工業指數上漲230.81點或0.47%，收在49625.97點。標普500指數漲47.62點或0.69%，收6909.51點。以科技股為主的那斯達克指數上漲203.34點或0.90%，收在22886.07點。費城半導體指數上漲87.11點或1.07%，收8260.42點。

不過川普隨即回應將課徵新關稅，市場陷入觀望，觀察對於關稅敏感度較高的零售、服飾業，運動用品商耐吉（Nike）盤中股價一度飆漲4.3%至68.49美元，但隨後迅速翻黑，終場下跌0.21美元或0.32%，收65.4美元；沃爾瑪（Walmart）終場股價也下跌1.88美元或1.51%，收122.99美元。

透過 Google News 追蹤中央社

AI仍是盤面焦點，輝達（NVIDIA）上漲1.92美元或1.02%，收189.82美元；記憶體模組廠Sandisk勁揚28.88美元或4.65%，收649.97美元；台積電ADR漲10.15美元或2.82%，收在370.54美元。

第一金投信基金經理人張正中分析，美國4大CSP（雲端服務供應商）已定調今年資本支出持續擴張，合計達到6600億美元，年成長約6成，張正中認為這股動能可望為台股AI供應鏈帶來源源不絕的訂單，持續提升業績表現。（編輯：潘羿菁）1150221",2026-02-21,中央社,https://www.cna.com.tw/news/afe/202602210058.aspx
最高法院推翻川普關稅 分析：蘋果公司衝擊可望減緩,"（中央社記者張欣瑜舊金山20日專電）川普全球關稅遭美國最高法院推翻。財經媒體分析指出，就科技產品而言，川普政府原先已將多項產品列入豁免，許多企業也已將生產線自中國外移，裁決可望進一步讓蘋果等公司衝擊減緩；但仍須關注後續發展。

美國最高法院推翻總統川普（Donald Trump）的全球關稅措施後，科技大廠蘋果公司（Apple）再度受到關注；蘋果股價今天收盤上漲1.54%。

財經媒體「巴隆周刊」（Barron's）分析指出，這項裁決影響的是美國政府去年4月對貿易夥伴實施的全球關稅，及對中國、加拿大、墨西哥徵收的與芬太尼相關關稅；至於產業別關稅，以及依據「1974年貿易法」第301條款祭出的關稅，則不受影響。

在川普政府去年宣布實施關稅措施後不久，便公布對等關稅豁免產品，涵蓋智慧型手機、伺服器與個人電腦（PC）；因此就科技公司而言，主要影響仍來自於美國對中國進口產品徵收的20%關稅，而許多公司已透過將生產線轉往其他國家來降低衝擊。

蘋果近年就持續加強印度的iPhone手機製造產能，並將該產能用於供應美國市場。

CNBC進一步分析，自川普推動貿易政策以來，蘋果已支付逾30億美元（約新台幣946億元）的關稅。這項裁決意味著，蘋果未來可能可以用較低稅率，從中國採購更多銷往美國市場的產品，供應鏈有望變得更為簡化。蘋果則拒絕對此發表評論。

CNBC指出，蘋果的關稅支出目前每一季約累積10億美元，這個數字預料將開始縮減。外界持續關注，蘋果是否會採取行動討回已付關稅，或選擇自行吸收。

透過 Google News 追蹤中央社

蘋果外，同樣受到這項消息激勵而股價上漲的公司，還包括輝達（Nvidia）、台積電、戴爾（Dell）等企業。英特爾（Intel）在美國本土生產晶片，股價則下跌。

不過，「巴隆周刊」也指出，儘管裁決可能讓美國進口商暫時鬆一口氣，分析師仍警告，這樣的緩解也可能只是短暫的，隨著川普政府轉向B計畫、以行政命令加徵10%全球關稅，新一波市場波動可能隨之而來。（編輯：陳慧萍）1150221",2026-02-21,中央社,https://www.cna.com.tw/news/aopl/202602210020.aspx
